episode,seed,agent_type,scenario,disrupted,success,episodic_return,steps,path_length,optimal_path_length,route_efficiency,regret,exploration_rate
1,44,dqn,central_route_closure,False,False,-200.0,40,,6,0.0,34.0,0.4
2,44,dqn,central_route_closure,False,False,-180.0,40,,6,0.0,34.0,0.398
3,44,dqn,central_route_closure,False,True,15.0,6,6,6,1.0,0.0,0.39601000000000003
4,44,dqn,central_route_closure,False,True,15.0,6,6,6,1.0,0.0,0.39402995
5,44,dqn,central_route_closure,False,True,15.0,6,6,6,1.0,0.0,0.39205980025000003
6,44,dqn,central_route_closure,False,True,15.0,6,6,6,1.0,0.0,0.39009950124875004
7,44,dqn,central_route_closure,False,True,15.0,6,6,6,1.0,0.0,0.38814900374250627
8,44,dqn,central_route_closure,False,False,-168.0,40,,6,0.0,34.0,0.3862082587237937
9,44,dqn,central_route_closure,False,False,-40.0,40,,6,0.0,34.0,0.38427721743017473
10,44,dqn,central_route_closure,False,False,-40.0,40,,6,0.0,34.0,0.38235583134302387
11,44,dqn,central_route_closure,False,False,-40.0,40,,6,0.0,34.0,0.3804440521863087
12,44,dqn,central_route_closure,False,False,-40.0,40,,6,0.0,34.0,0.37854183192537716
13,44,dqn,central_route_closure,False,False,-40.0,40,,6,0.0,34.0,0.37664912276575024
14,44,dqn,central_route_closure,False,False,-40.0,40,,6,0.0,34.0,0.3747658771519215
15,44,dqn,central_route_closure,False,False,-40.0,40,,6,0.0,34.0,0.3728920477661619
16,44,dqn,central_route_closure,False,False,-40.0,40,,6,0.0,34.0,0.3710275875273311
17,44,dqn,central_route_closure,False,False,-40.0,40,,6,0.0,34.0,0.3691724495896945
18,44,dqn,central_route_closure,False,False,-40.0,40,,6,0.0,34.0,0.367326587341746
19,44,dqn,central_route_closure,False,False,-40.0,40,,6,0.0,34.0,0.3654899544050373
20,44,dqn,central_route_closure,False,False,-40.0,40,,6,0.0,34.0,0.3636625046330121
21,44,dqn,central_route_closure,False,False,-40.0,40,,6,0.0,34.0,0.36184419210984703
22,44,dqn,central_route_closure,False,False,-40.0,40,,6,0.0,34.0,0.3600349711492978
23,44,dqn,central_route_closure,False,False,-40.0,40,,6,0.0,34.0,0.35823479629355126
24,44,dqn,central_route_closure,False,False,-40.0,40,,6,0.0,34.0,0.3564436223120835
25,44,dqn,central_route_closure,False,False,-40.0,40,,6,0.0,34.0,0.35466140420052306
26,44,dqn,central_route_closure,False,False,-40.0,40,,6,0.0,34.0,0.35288809717952047
27,44,dqn,central_route_closure,False,False,-40.0,40,,6,0.0,34.0,0.3511236566936229
28,44,dqn,central_route_closure,False,False,-40.0,40,,6,0.0,34.0,0.3493680384101548
29,44,dqn,central_route_closure,False,False,-40.0,40,,6,0.0,34.0,0.347621198218104
30,44,dqn,central_route_closure,False,False,-40.0,40,,6,0.0,34.0,0.34588309222701347
31,44,dqn,central_route_closure,False,False,-40.0,40,,6,0.0,34.0,0.3441536767658784
32,44,dqn,central_route_closure,False,False,-40.0,40,,6,0.0,34.0,0.342432908382049
33,44,dqn,central_route_closure,False,False,-40.0,40,,6,0.0,34.0,0.34072074384013873
34,44,dqn,central_route_closure,False,False,-40.0,40,,6,0.0,34.0,0.33901714012093803
35,44,dqn,central_route_closure,False,False,-40.0,40,,6,0.0,34.0,0.33732205442033336
36,44,dqn,central_route_closure,False,False,-40.0,40,,6,0.0,34.0,0.3356354441482317
37,44,dqn,central_route_closure,False,False,-40.0,40,,6,0.0,34.0,0.33395726692749056
38,44,dqn,central_route_closure,False,False,-40.0,40,,6,0.0,34.0,0.3322874805928531
39,44,dqn,central_route_closure,False,False,-40.0,40,,6,0.0,34.0,0.33062604318988886
40,44,dqn,central_route_closure,False,False,-40.0,40,,6,0.0,34.0,0.32897291297393944
41,44,dqn,central_route_closure,False,False,-40.0,40,,6,0.0,34.0,0.32732804840906976
42,44,dqn,central_route_closure,False,False,-40.0,40,,6,0.0,34.0,0.3256914081670244
43,44,dqn,central_route_closure,False,False,-40.0,40,,6,0.0,34.0,0.32406295112618927
44,44,dqn,central_route_closure,False,False,-40.0,40,,6,0.0,34.0,0.3224426363705583
45,44,dqn,central_route_closure,False,False,-40.0,40,,6,0.0,34.0,0.3208304231887055
46,44,dqn,central_route_closure,False,False,-40.0,40,,6,0.0,34.0,0.319226271072762
47,44,dqn,central_route_closure,False,False,-40.0,40,,6,0.0,34.0,0.31763013971739823
48,44,dqn,central_route_closure,False,False,-40.0,40,,6,0.0,34.0,0.31604198901881125
49,44,dqn,central_route_closure,False,False,-40.0,40,,6,0.0,34.0,0.3144617790737172
50,44,dqn,central_route_closure,False,False,-40.0,40,,6,0.0,34.0,0.3128894701783486
51,44,dqn,central_route_closure,False,False,-40.0,40,,6,0.0,34.0,0.3113250228274569
52,44,dqn,central_route_closure,False,False,-40.0,40,,6,0.0,34.0,0.3097683977133196
53,44,dqn,central_route_closure,False,False,-40.0,40,,6,0.0,34.0,0.308219555724753
54,44,dqn,central_route_closure,False,False,-40.0,40,,6,0.0,34.0,0.30667845794612925
55,44,dqn,central_route_closure,False,False,-40.0,40,,6,0.0,34.0,0.3051450656563986
56,44,dqn,central_route_closure,False,False,-40.0,40,,6,0.0,34.0,0.3036193403281166
57,44,dqn,central_route_closure,False,False,-40.0,40,,6,0.0,34.0,0.302101243626476
58,44,dqn,central_route_closure,False,False,-40.0,40,,6,0.0,34.0,0.30059073740834363
59,44,dqn,central_route_closure,False,False,-40.0,40,,6,0.0,34.0,0.2990877837213019
60,44,dqn,central_route_closure,False,False,-40.0,40,,6,0.0,34.0,0.2975923448026954
61,44,dqn,central_route_closure,False,False,-40.0,40,,6,0.0,34.0,0.2961043830786819
62,44,dqn,central_route_closure,False,False,-40.0,40,,6,0.0,34.0,0.29462386116328854
63,44,dqn,central_route_closure,False,False,-40.0,40,,6,0.0,34.0,0.2931507418574721
64,44,dqn,central_route_closure,False,False,-40.0,40,,6,0.0,34.0,0.2916849881481847
65,44,dqn,central_route_closure,False,False,-40.0,40,,6,0.0,34.0,0.2902265632074438
66,44,dqn,central_route_closure,False,False,-40.0,40,,6,0.0,34.0,0.2887754303914066
67,44,dqn,central_route_closure,False,False,-40.0,40,,6,0.0,34.0,0.28733155323944953
68,44,dqn,central_route_closure,False,False,-40.0,40,,6,0.0,34.0,0.2858948954732523
69,44,dqn,central_route_closure,False,False,-40.0,40,,6,0.0,34.0,0.28446542099588606
70,44,dqn,central_route_closure,False,False,-40.0,40,,6,0.0,34.0,0.28304309389090665
71,44,dqn,central_route_closure,False,False,-40.0,40,,6,0.0,34.0,0.2816278784214521
72,44,dqn,central_route_closure,False,False,-40.0,40,,6,0.0,34.0,0.2802197390293448
73,44,dqn,central_route_closure,False,False,-40.0,40,,6,0.0,34.0,0.2788186403341981
74,44,dqn,central_route_closure,False,False,-40.0,40,,6,0.0,34.0,0.2774245471325271
75,44,dqn,central_route_closure,False,False,-40.0,40,,6,0.0,34.0,0.27603742439686446
76,44,dqn,central_route_closure,False,False,-40.0,40,,6,0.0,34.0,0.2746572372748801
77,44,dqn,central_route_closure,False,False,-40.0,40,,6,0.0,34.0,0.2732839510885057
78,44,dqn,central_route_closure,False,False,-40.0,40,,6,0.0,34.0,0.2719175313330632
79,44,dqn,central_route_closure,False,False,-40.0,40,,6,0.0,34.0,0.27055794367639785
80,44,dqn,central_route_closure,False,False,-40.0,40,,6,0.0,34.0,0.26920515395801586
81,44,dqn,central_route_closure,False,False,-40.0,40,,6,0.0,34.0,0.26785912818822577
82,44,dqn,central_route_closure,False,False,-40.0,40,,6,0.0,34.0,0.2665198325472846
83,44,dqn,central_route_closure,False,False,-40.0,40,,6,0.0,34.0,0.2651872333845482
84,44,dqn,central_route_closure,False,False,-40.0,40,,6,0.0,34.0,0.26386129721762547
85,44,dqn,central_route_closure,False,False,-40.0,40,,6,0.0,34.0,0.26254199073153733
86,44,dqn,central_route_closure,False,False,-40.0,40,,6,0.0,34.0,0.26122928077787966
87,44,dqn,central_route_closure,False,False,-40.0,40,,6,0.0,34.0,0.2599231343739903
88,44,dqn,central_route_closure,False,False,-40.0,40,,6,0.0,34.0,0.2586235187021203
89,44,dqn,central_route_closure,False,False,-40.0,40,,6,0.0,34.0,0.2573304011086097
90,44,dqn,central_route_closure,False,False,-40.0,40,,6,0.0,34.0,0.25604374910306665
91,44,dqn,central_route_closure,False,False,-40.0,40,,6,0.0,34.0,0.25476353035755134
92,44,dqn,central_route_closure,False,False,-40.0,40,,6,0.0,34.0,0.2534897127057636
93,44,dqn,central_route_closure,False,False,-40.0,40,,6,0.0,34.0,0.25222226414223475
94,44,dqn,central_route_closure,False,False,-40.0,40,,6,0.0,34.0,0.2509611528215236
95,44,dqn,central_route_closure,False,False,-40.0,40,,6,0.0,34.0,0.24970634705741598
96,44,dqn,central_route_closure,False,False,-40.0,40,,6,0.0,34.0,0.2484578153221289
97,44,dqn,central_route_closure,False,False,-40.0,40,,6,0.0,34.0,0.24721552624551826
98,44,dqn,central_route_closure,False,False,-40.0,40,,6,0.0,34.0,0.24597944861429066
99,44,dqn,central_route_closure,False,False,-40.0,40,,6,0.0,34.0,0.2447495513712192
100,44,dqn,central_route_closure,False,False,-40.0,40,,6,0.0,34.0,0.2435258036143631
101,44,dqn,central_route_closure,False,False,-40.0,40,,6,0.0,34.0,0.24230817459629128
102,44,dqn,central_route_closure,False,False,-40.0,40,,6,0.0,34.0,0.24109663372330983
103,44,dqn,central_route_closure,False,False,-40.0,40,,6,0.0,34.0,0.2398911505546933
104,44,dqn,central_route_closure,False,False,-40.0,40,,6,0.0,34.0,0.23869169480191982
105,44,dqn,central_route_closure,False,False,-40.0,40,,6,0.0,34.0,0.23749823632791023
106,44,dqn,central_route_closure,False,False,-40.0,40,,6,0.0,34.0,0.23631074514627068
107,44,dqn,central_route_closure,False,False,-40.0,40,,6,0.0,34.0,0.2351291914205393
108,44,dqn,central_route_closure,False,False,-40.0,40,,6,0.0,34.0,0.2339535454634366
109,44,dqn,central_route_closure,False,False,-40.0,40,,6,0.0,34.0,0.2327837777361194
110,44,dqn,central_route_closure,False,False,-40.0,40,,6,0.0,34.0,0.23161985884743883
111,44,dqn,central_route_closure,False,False,-40.0,40,,6,0.0,34.0,0.23046175955320164
112,44,dqn,central_route_closure,False,False,-40.0,40,,6,0.0,34.0,0.22930945075543563
113,44,dqn,central_route_closure,False,False,-40.0,40,,6,0.0,34.0,0.22816290350165844
114,44,dqn,central_route_closure,False,False,-40.0,40,,6,0.0,34.0,0.22702208898415013
115,44,dqn,central_route_closure,False,False,-40.0,40,,6,0.0,34.0,0.22588697853922937
116,44,dqn,central_route_closure,False,False,-40.0,40,,6,0.0,34.0,0.22475754364653322
117,44,dqn,central_route_closure,False,False,-40.0,40,,6,0.0,34.0,0.22363375592830056
118,44,dqn,central_route_closure,False,False,-40.0,40,,6,0.0,34.0,0.22251558714865907
119,44,dqn,central_route_closure,False,False,-40.0,40,,6,0.0,34.0,0.22140300921291578
120,44,dqn,central_route_closure,False,False,-40.0,40,,6,0.0,34.0,0.2202959941668512
121,44,dqn,central_route_closure,False,False,-40.0,40,,6,0.0,34.0,0.21919451419601693
122,44,dqn,central_route_closure,False,False,-40.0,40,,6,0.0,34.0,0.21809854162503683
123,44,dqn,central_route_closure,False,False,-40.0,40,,6,0.0,34.0,0.21700804891691164
124,44,dqn,central_route_closure,False,False,-40.0,40,,6,0.0,34.0,0.21592300867232708
125,44,dqn,central_route_closure,False,False,-40.0,40,,6,0.0,34.0,0.21484339362896546
126,44,dqn,central_route_closure,False,False,-40.0,40,,6,0.0,34.0,0.21376917666082063
127,44,dqn,central_route_closure,False,False,-40.0,40,,6,0.0,34.0,0.21270033077751652
128,44,dqn,central_route_closure,False,False,-40.0,40,,6,0.0,34.0,0.21163682912362894
129,44,dqn,central_route_closure,False,False,-40.0,40,,6,0.0,34.0,0.2105786449780108
130,44,dqn,central_route_closure,False,False,-40.0,40,,6,0.0,34.0,0.20952575175312074
131,44,dqn,central_route_closure,False,False,-40.0,40,,6,0.0,34.0,0.20847812299435514
132,44,dqn,central_route_closure,False,False,-40.0,40,,6,0.0,34.0,0.20743573237938337
133,44,dqn,central_route_closure,False,False,-40.0,40,,6,0.0,34.0,0.20639855371748644
134,44,dqn,central_route_closure,False,False,-40.0,40,,6,0.0,34.0,0.20536656094889902
135,44,dqn,central_route_closure,False,False,-40.0,40,,6,0.0,34.0,0.20433972814415452
136,44,dqn,central_route_closure,False,False,-40.0,40,,6,0.0,34.0,0.20331802950343375
137,44,dqn,central_route_closure,False,False,-40.0,40,,6,0.0,34.0,0.20230143935591657
138,44,dqn,central_route_closure,False,False,-40.0,40,,6,0.0,34.0,0.20128993215913699
139,44,dqn,central_route_closure,False,False,-40.0,40,,6,0.0,34.0,0.2002834824983413
140,44,dqn,central_route_closure,False,False,-40.0,40,,6,0.0,34.0,0.19928206508584959
141,44,dqn,central_route_closure,False,False,-40.0,40,,6,0.0,34.0,0.19828565476042034
142,44,dqn,central_route_closure,False,False,-40.0,40,,6,0.0,34.0,0.19729422648661823
143,44,dqn,central_route_closure,False,False,-40.0,40,,6,0.0,34.0,0.19630775535418515
144,44,dqn,central_route_closure,False,True,15.0,6,6,6,1.0,0.0,0.19532621657741422
145,44,dqn,central_route_closure,False,False,-40.0,40,,6,0.0,34.0,0.19434958549452716
146,44,dqn,central_route_closure,False,False,-40.0,40,,6,0.0,34.0,0.1933778375670545
147,44,dqn,central_route_closure,False,False,-40.0,40,,6,0.0,34.0,0.19241094837921924
148,44,dqn,central_route_closure,False,False,-40.0,40,,6,0.0,34.0,0.19144889363732315
149,44,dqn,central_route_closure,False,False,-40.0,40,,6,0.0,34.0,0.19049164916913652
150,44,dqn,central_route_closure,False,False,-40.0,40,,6,0.0,34.0,0.18953919092329083
151,44,dqn,central_route_closure,False,False,-40.0,40,,6,0.0,34.0,0.18859149496867436
152,44,dqn,central_route_closure,False,True,15.0,6,6,6,1.0,0.0,0.18764853749383098
153,44,dqn,central_route_closure,False,False,-40.0,40,,6,0.0,34.0,0.18671029480636184
154,44,dqn,central_route_closure,False,True,15.0,6,6,6,1.0,0.0,0.18577674333233002
155,44,dqn,central_route_closure,False,True,15.0,6,6,6,1.0,0.0,0.18484785961566838
156,44,dqn,central_route_closure,False,False,-40.0,40,,6,0.0,34.0,0.18392362031759005
157,44,dqn,central_route_closure,False,True,15.0,6,6,6,1.0,0.0,0.1830040022160021
158,44,dqn,central_route_closure,False,True,15.0,6,6,6,1.0,0.0,0.1820889822049221
159,44,dqn,central_route_closure,False,True,15.0,6,6,6,1.0,0.0,0.1811785372938975
160,44,dqn,central_route_closure,False,True,15.0,6,6,6,1.0,0.0,0.180272644607428
161,44,dqn,central_route_closure,False,True,15.0,6,6,6,1.0,0.0,0.17937128138439087
162,44,dqn,central_route_closure,False,True,15.0,6,6,6,1.0,0.0,0.17847442497746893
163,44,dqn,central_route_closure,False,True,13.0,8,8,6,0.75,2.0,0.17758205285258158
164,44,dqn,central_route_closure,False,True,15.0,6,6,6,1.0,0.0,0.17669414258831867
165,44,dqn,central_route_closure,False,True,15.0,6,6,6,1.0,0.0,0.17581067187537708
166,44,dqn,central_route_closure,False,True,15.0,6,6,6,1.0,0.0,0.1749316185160002
167,44,dqn,central_route_closure,False,True,15.0,6,6,6,1.0,0.0,0.1740569604234202
168,44,dqn,central_route_closure,False,True,15.0,6,6,6,1.0,0.0,0.1731866756213031
169,44,dqn,central_route_closure,False,True,15.0,6,6,6,1.0,0.0,0.1723207422431966
170,44,dqn,central_route_closure,False,True,15.0,6,6,6,1.0,0.0,0.1714591385319806
171,44,dqn,central_route_closure,False,True,15.0,6,6,6,1.0,0.0,0.1706018428393207
172,44,dqn,central_route_closure,False,True,15.0,6,6,6,1.0,0.0,0.1697488336251241
173,44,dqn,central_route_closure,False,True,15.0,6,6,6,1.0,0.0,0.1689000894569985
174,44,dqn,central_route_closure,False,True,15.0,6,6,6,1.0,0.0,0.1680555890097135
175,44,dqn,central_route_closure,False,True,15.0,6,6,6,1.0,0.0,0.16721531106466495
176,44,dqn,central_route_closure,False,True,15.0,6,6,6,1.0,0.0,0.1663792345093416
177,44,dqn,central_route_closure,False,True,15.0,6,6,6,1.0,0.0,0.1655473383367949
178,44,dqn,central_route_closure,False,True,15.0,6,6,6,1.0,0.0,0.16471960164511093
179,44,dqn,central_route_closure,False,True,15.0,6,6,6,1.0,0.0,0.16389600363688536
180,44,dqn,central_route_closure,False,False,-40.0,40,,6,0.0,34.0,0.16307652361870092
181,44,dqn,central_route_closure,False,True,15.0,6,6,6,1.0,0.0,0.16226114100060743
182,44,dqn,central_route_closure,False,True,15.0,6,6,6,1.0,0.0,0.1614498352956044
183,44,dqn,central_route_closure,False,True,15.0,6,6,6,1.0,0.0,0.16064258611912635
184,44,dqn,central_route_closure,False,True,15.0,6,6,6,1.0,0.0,0.15983937318853073
185,44,dqn,central_route_closure,False,True,15.0,6,6,6,1.0,0.0,0.15904017632258807
186,44,dqn,central_route_closure,False,True,15.0,6,6,6,1.0,0.0,0.15824497544097513
187,44,dqn,central_route_closure,False,True,15.0,6,6,6,1.0,0.0,0.15745375056377026
188,44,dqn,central_route_closure,False,True,15.0,6,6,6,1.0,0.0,0.1566664818109514
189,44,dqn,central_route_closure,False,True,15.0,6,6,6,1.0,0.0,0.15588314940189665
190,44,dqn,central_route_closure,False,True,15.0,6,6,6,1.0,0.0,0.15510373365488717
191,44,dqn,central_route_closure,False,True,15.0,6,6,6,1.0,0.0,0.15432821498661273
192,44,dqn,central_route_closure,False,True,15.0,6,6,6,1.0,0.0,0.15355657391167965
193,44,dqn,central_route_closure,False,True,15.0,6,6,6,1.0,0.0,0.15278879104212126
194,44,dqn,central_route_closure,False,True,15.0,6,6,6,1.0,0.0,0.15202484708691066
195,44,dqn,central_route_closure,False,True,15.0,6,6,6,1.0,0.0,0.1512647228514761
196,44,dqn,central_route_closure,False,False,-40.0,40,,6,0.0,34.0,0.15050839923721873
197,44,dqn,central_route_closure,False,True,15.0,6,6,6,1.0,0.0,0.14975585724103263
198,44,dqn,central_route_closure,False,True,15.0,6,6,6,1.0,0.0,0.14900707795482745
199,44,dqn,central_route_closure,False,True,15.0,6,6,6,1.0,0.0,0.14826204256505332
200,44,dqn,central_route_closure,False,True,15.0,6,6,6,1.0,0.0,0.14752073235222804
201,44,dqn,central_route_closure,False,True,15.0,6,6,6,1.0,0.0,0.1467831286904669
202,44,dqn,central_route_closure,False,True,15.0,6,6,6,1.0,0.0,0.14604921304701454
203,44,dqn,central_route_closure,False,True,15.0,6,6,6,1.0,0.0,0.14531896698177946
204,44,dqn,central_route_closure,False,True,15.0,6,6,6,1.0,0.0,0.14459237214687057
205,44,dqn,central_route_closure,False,True,15.0,6,6,6,1.0,0.0,0.1438694102861362
206,44,dqn,central_route_closure,False,True,15.0,6,6,6,1.0,0.0,0.14315006323470553
207,44,dqn,central_route_closure,False,True,15.0,6,6,6,1.0,0.0,0.142434312918532
208,44,dqn,central_route_closure,False,True,15.0,6,6,6,1.0,0.0,0.14172214135393935
209,44,dqn,central_route_closure,False,True,15.0,6,6,6,1.0,0.0,0.14101353064716965
210,44,dqn,central_route_closure,False,True,15.0,6,6,6,1.0,0.0,0.1403084629939338
211,44,dqn,central_route_closure,False,True,15.0,6,6,6,1.0,0.0,0.13960692067896413
212,44,dqn,central_route_closure,False,True,15.0,6,6,6,1.0,0.0,0.1389088860755693
213,44,dqn,central_route_closure,False,True,15.0,6,6,6,1.0,0.0,0.13821434164519147
214,44,dqn,central_route_closure,False,True,15.0,6,6,6,1.0,0.0,0.1375232699369655
215,44,dqn,central_route_closure,False,True,15.0,6,6,6,1.0,0.0,0.13683565358728067
216,44,dqn,central_route_closure,False,True,15.0,6,6,6,1.0,0.0,0.13615147531934427
217,44,dqn,central_route_closure,False,True,15.0,6,6,6,1.0,0.0,0.13547071794274754
218,44,dqn,central_route_closure,False,True,15.0,6,6,6,1.0,0.0,0.1347933643530338
219,44,dqn,central_route_closure,False,True,15.0,6,6,6,1.0,0.0,0.1341193975312686
220,44,dqn,central_route_closure,False,True,15.0,6,6,6,1.0,0.0,0.13344880054361227
221,44,dqn,central_route_closure,False,True,15.0,6,6,6,1.0,0.0,0.1327815565408942
222,44,dqn,central_route_closure,False,True,15.0,6,6,6,1.0,0.0,0.13211764875818974
223,44,dqn,central_route_closure,False,True,15.0,6,6,6,1.0,0.0,0.1314570605143988
224,44,dqn,central_route_closure,False,True,15.0,6,6,6,1.0,0.0,0.13079977521182679
225,44,dqn,central_route_closure,False,True,15.0,6,6,6,1.0,0.0,0.13014577633576765
226,44,dqn,central_route_closure,False,True,15.0,6,6,6,1.0,0.0,0.12949504745408882
227,44,dqn,central_route_closure,False,True,15.0,6,6,6,1.0,0.0,0.1288475722168184
228,44,dqn,central_route_closure,False,True,15.0,6,6,6,1.0,0.0,0.1282033343557343
229,44,dqn,central_route_closure,False,True,15.0,6,6,6,1.0,0.0,0.12756231768395562
230,44,dqn,central_route_closure,False,True,15.0,6,6,6,1.0,0.0,0.12692450609553585
231,44,dqn,central_route_closure,False,True,15.0,6,6,6,1.0,0.0,0.12628988356505816
232,44,dqn,central_route_closure,False,True,15.0,6,6,6,1.0,0.0,0.12565843414723288
233,44,dqn,central_route_closure,False,True,15.0,6,6,6,1.0,0.0,0.1250301419764967
234,44,dqn,central_route_closure,False,True,15.0,6,6,6,1.0,0.0,0.12440499126661421
235,44,dqn,central_route_closure,False,True,15.0,6,6,6,1.0,0.0,0.12378296631028114
236,44,dqn,central_route_closure,False,True,15.0,6,6,6,1.0,0.0,0.12316405147872973
237,44,dqn,central_route_closure,False,True,15.0,6,6,6,1.0,0.0,0.12254823122133608
238,44,dqn,central_route_closure,False,True,15.0,6,6,6,1.0,0.0,0.1219354900652294
239,44,dqn,central_route_closure,False,True,15.0,6,6,6,1.0,0.0,0.12132581261490324
240,44,dqn,central_route_closure,False,True,15.0,6,6,6,1.0,0.0,0.12071918355182873
241,44,dqn,central_route_closure,False,True,15.0,6,6,6,1.0,0.0,0.12011558763406958
242,44,dqn,central_route_closure,False,True,15.0,6,6,6,1.0,0.0,0.11951500969589923
243,44,dqn,central_route_closure,False,True,15.0,6,6,6,1.0,0.0,0.11891743464741973
244,44,dqn,central_route_closure,False,True,15.0,6,6,6,1.0,0.0,0.11832284747418263
245,44,dqn,central_route_closure,False,True,15.0,6,6,6,1.0,0.0,0.11773123323681171
246,44,dqn,central_route_closure,False,True,15.0,6,6,6,1.0,0.0,0.11714257707062765
247,44,dqn,central_route_closure,False,True,15.0,6,6,6,1.0,0.0,0.11655686418527451
248,44,dqn,central_route_closure,False,True,15.0,6,6,6,1.0,0.0,0.11597407986434814
249,44,dqn,central_route_closure,False,True,15.0,6,6,6,1.0,0.0,0.1153942094650264
250,44,dqn,central_route_closure,False,True,15.0,6,6,6,1.0,0.0,0.11481723841770126
251,44,dqn,central_route_closure,False,True,15.0,6,6,6,1.0,0.0,0.11424315222561275
252,44,dqn,central_route_closure,False,True,15.0,6,6,6,1.0,0.0,0.11367193646448469
253,44,dqn,central_route_closure,False,True,15.0,6,6,6,1.0,0.0,0.11310357678216226
254,44,dqn,central_route_closure,False,True,15.0,6,6,6,1.0,0.0,0.11253805889825146
255,44,dqn,central_route_closure,False,True,15.0,6,6,6,1.0,0.0,0.1119753686037602
256,44,dqn,central_route_closure,False,True,15.0,6,6,6,1.0,0.0,0.11141549176074139
257,44,dqn,central_route_closure,False,True,15.0,6,6,6,1.0,0.0,0.11085841430193769
258,44,dqn,central_route_closure,False,True,15.0,6,6,6,1.0,0.0,0.110304122230428
259,44,dqn,central_route_closure,False,True,15.0,6,6,6,1.0,0.0,0.10975260161927586
260,44,dqn,central_route_closure,False,True,15.0,6,6,6,1.0,0.0,0.10920383861117948
261,44,dqn,central_route_closure,False,True,15.0,6,6,6,1.0,0.0,0.10865781941812358
262,44,dqn,central_route_closure,False,True,15.0,6,6,6,1.0,0.0,0.10811453032103296
263,44,dqn,central_route_closure,False,True,15.0,6,6,6,1.0,0.0,0.1075739576694278
264,44,dqn,central_route_closure,False,True,15.0,6,6,6,1.0,0.0,0.10703608788108067
265,44,dqn,central_route_closure,False,True,15.0,6,6,6,1.0,0.0,0.10650090744167527
266,44,dqn,central_route_closure,False,True,15.0,6,6,6,1.0,0.0,0.1059684029044669
267,44,dqn,central_route_closure,False,True,15.0,6,6,6,1.0,0.0,0.10543856088994456
268,44,dqn,central_route_closure,False,True,15.0,6,6,6,1.0,0.0,0.10491136808549484
269,44,dqn,central_route_closure,False,True,15.0,6,6,6,1.0,0.0,0.10438681124506737
270,44,dqn,central_route_closure,False,True,15.0,6,6,6,1.0,0.0,0.10386487718884203
271,44,dqn,central_route_closure,False,True,15.0,6,6,6,1.0,0.0,0.10334555280289782
272,44,dqn,central_route_closure,False,True,15.0,6,6,6,1.0,0.0,0.10282882503888334
273,44,dqn,central_route_closure,False,True,15.0,6,6,6,1.0,0.0,0.10231468091368892
274,44,dqn,central_route_closure,False,True,15.0,6,6,6,1.0,0.0,0.10180310750912047
275,44,dqn,central_route_closure,False,True,15.0,6,6,6,1.0,0.0,0.10129409197157486
276,44,dqn,central_route_closure,False,True,15.0,6,6,6,1.0,0.0,0.100787621511717
277,44,dqn,central_route_closure,False,True,15.0,6,6,6,1.0,0.0,0.10028368340415841
278,44,dqn,central_route_closure,False,True,15.0,6,6,6,1.0,0.0,0.09978226498713762
279,44,dqn,central_route_closure,False,True,15.0,6,6,6,1.0,0.0,0.09928335366220192
280,44,dqn,central_route_closure,False,True,15.0,6,6,6,1.0,0.0,0.09878693689389091
281,44,dqn,central_route_closure,False,True,15.0,6,6,6,1.0,0.0,0.09829300220942146
282,44,dqn,central_route_closure,False,True,15.0,6,6,6,1.0,0.0,0.09780153719837435
283,44,dqn,central_route_closure,False,True,15.0,6,6,6,1.0,0.0,0.09731252951238248
284,44,dqn,central_route_closure,False,True,15.0,6,6,6,1.0,0.0,0.09682596686482056
285,44,dqn,central_route_closure,False,True,15.0,6,6,6,1.0,0.0,0.09634183703049645
286,44,dqn,central_route_closure,False,True,15.0,6,6,6,1.0,0.0,0.09586012784534396
287,44,dqn,central_route_closure,False,True,15.0,6,6,6,1.0,0.0,0.09538082720611725
288,44,dqn,central_route_closure,False,True,15.0,6,6,6,1.0,0.0,0.09490392307008666
289,44,dqn,central_route_closure,False,True,15.0,6,6,6,1.0,0.0,0.09442940345473623
290,44,dqn,central_route_closure,False,True,15.0,6,6,6,1.0,0.0,0.09395725643746256
291,44,dqn,central_route_closure,False,True,15.0,6,6,6,1.0,0.0,0.09348747015527524
292,44,dqn,central_route_closure,False,True,15.0,6,6,6,1.0,0.0,0.09302003280449886
293,44,dqn,central_route_closure,False,True,15.0,6,6,6,1.0,0.0,0.09255493264047636
294,44,dqn,central_route_closure,False,True,15.0,6,6,6,1.0,0.0,0.09209215797727398
295,44,dqn,central_route_closure,False,True,15.0,6,6,6,1.0,0.0,0.0916316971873876
296,44,dqn,central_route_closure,False,True,15.0,6,6,6,1.0,0.0,0.09117353870145066
297,44,dqn,central_route_closure,False,True,15.0,6,6,6,1.0,0.0,0.09071767100794341
298,44,dqn,central_route_closure,False,True,15.0,6,6,6,1.0,0.0,0.0902640826529037
299,44,dqn,central_route_closure,False,True,15.0,6,6,6,1.0,0.0,0.08981276223963917
300,44,dqn,central_route_closure,False,True,15.0,6,6,6,1.0,0.0,0.08936369842844098
301,44,dqn,central_route_closure,False,True,15.0,6,6,6,1.0,0.0,0.08891687993629878
302,44,dqn,central_route_closure,False,True,15.0,6,6,6,1.0,0.0,0.08847229553661728
303,44,dqn,central_route_closure,False,True,15.0,6,6,6,1.0,0.0,0.0880299340589342
304,44,dqn,central_route_closure,False,True,15.0,6,6,6,1.0,0.0,0.08758978438863953
305,44,dqn,central_route_closure,False,True,15.0,6,6,6,1.0,0.0,0.08715183546669633
306,44,dqn,central_route_closure,False,True,15.0,6,6,6,1.0,0.0,0.08671607628936286
307,44,dqn,central_route_closure,False,True,15.0,6,6,6,1.0,0.0,0.08628249590791603
308,44,dqn,central_route_closure,False,True,15.0,6,6,6,1.0,0.0,0.08585108342837645
309,44,dqn,central_route_closure,False,True,15.0,6,6,6,1.0,0.0,0.08542182801123457
310,44,dqn,central_route_closure,False,True,15.0,6,6,6,1.0,0.0,0.0849947188711784
311,44,dqn,central_route_closure,False,True,15.0,6,6,6,1.0,0.0,0.08456974527682251
312,44,dqn,central_route_closure,False,True,15.0,6,6,6,1.0,0.0,0.0841468965504384
313,44,dqn,central_route_closure,False,True,15.0,6,6,6,1.0,0.0,0.08372616206768621
314,44,dqn,central_route_closure,False,True,15.0,6,6,6,1.0,0.0,0.08330753125734779
315,44,dqn,central_route_closure,False,True,15.0,6,6,6,1.0,0.0,0.08289099360106104
316,44,dqn,central_route_closure,False,True,15.0,6,6,6,1.0,0.0,0.08247653863305573
317,44,dqn,central_route_closure,False,True,15.0,6,6,6,1.0,0.0,0.08206415593989046
318,44,dqn,central_route_closure,False,True,15.0,6,6,6,1.0,0.0,0.08165383516019101
319,44,dqn,central_route_closure,False,True,15.0,6,6,6,1.0,0.0,0.08124556598439005
320,44,dqn,central_route_closure,False,True,15.0,6,6,6,1.0,0.0,0.0808393381544681
321,44,dqn,central_route_closure,False,True,15.0,6,6,6,1.0,0.0,0.08043514146369576
322,44,dqn,central_route_closure,False,True,15.0,6,6,6,1.0,0.0,0.08003296575637729
323,44,dqn,central_route_closure,False,True,15.0,6,6,6,1.0,0.0,0.0796328009275954
324,44,dqn,central_route_closure,False,True,15.0,6,6,6,1.0,0.0,0.07923463692295743
325,44,dqn,central_route_closure,False,True,15.0,6,6,6,1.0,0.0,0.07883846373834265
326,44,dqn,central_route_closure,False,True,15.0,6,6,6,1.0,0.0,0.07844427141965093
327,44,dqn,central_route_closure,False,True,15.0,6,6,6,1.0,0.0,0.07805205006255268
328,44,dqn,central_route_closure,False,True,15.0,6,6,6,1.0,0.0,0.07766178981223992
329,44,dqn,central_route_closure,False,True,15.0,6,6,6,1.0,0.0,0.07727348086317873
330,44,dqn,central_route_closure,False,True,15.0,6,6,6,1.0,0.0,0.07688711345886283
331,44,dqn,central_route_closure,False,True,15.0,6,6,6,1.0,0.0,0.07650267789156852
332,44,dqn,central_route_closure,False,True,15.0,6,6,6,1.0,0.0,0.07612016450211068
333,44,dqn,central_route_closure,False,True,15.0,6,6,6,1.0,0.0,0.07573956367960012
334,44,dqn,central_route_closure,False,True,15.0,6,6,6,1.0,0.0,0.07536086586120212
335,44,dqn,central_route_closure,False,True,15.0,6,6,6,1.0,0.0,0.07498406153189612
336,44,dqn,central_route_closure,False,True,15.0,6,6,6,1.0,0.0,0.07460914122423663
337,44,dqn,central_route_closure,False,True,15.0,6,6,6,1.0,0.0,0.07423609551811546
338,44,dqn,central_route_closure,False,True,15.0,6,6,6,1.0,0.0,0.07386491504052488
339,44,dqn,central_route_closure,False,True,15.0,6,6,6,1.0,0.0,0.07349559046532225
340,44,dqn,central_route_closure,False,True,15.0,6,6,6,1.0,0.0,0.07312811251299564
341,44,dqn,central_route_closure,False,True,15.0,6,6,6,1.0,0.0,0.07276247195043066
342,44,dqn,central_route_closure,False,True,15.0,6,6,6,1.0,0.0,0.07239865959067851
343,44,dqn,central_route_closure,False,True,15.0,6,6,6,1.0,0.0,0.07203666629272512
344,44,dqn,central_route_closure,False,True,15.0,6,6,6,1.0,0.0,0.0716764829612615
345,44,dqn,central_route_closure,False,True,15.0,6,6,6,1.0,0.0,0.0713181005464552
346,44,dqn,central_route_closure,False,True,15.0,6,6,6,1.0,0.0,0.07096151004372292
347,44,dqn,central_route_closure,False,True,15.0,6,6,6,1.0,0.0,0.0706067024935043
348,44,dqn,central_route_closure,False,True,15.0,6,6,6,1.0,0.0,0.07025366898103678
349,44,dqn,central_route_closure,False,True,15.0,6,6,6,1.0,0.0,0.0699024006361316
350,44,dqn,central_route_closure,False,True,15.0,6,6,6,1.0,0.0,0.06955288863295093
351,44,dqn,central_route_closure,False,True,15.0,6,6,6,1.0,0.0,0.06920512418978618
352,44,dqn,central_route_closure,False,True,15.0,6,6,6,1.0,0.0,0.06885909856883725
353,44,dqn,central_route_closure,False,True,15.0,6,6,6,1.0,0.0,0.06851480307599306
354,44,dqn,central_route_closure,False,True,15.0,6,6,6,1.0,0.0,0.0681722290606131
355,44,dqn,central_route_closure,False,True,15.0,6,6,6,1.0,0.0,0.06783136791531004
356,44,dqn,central_route_closure,False,True,15.0,6,6,6,1.0,0.0,0.06749221107573349
357,44,dqn,central_route_closure,False,True,15.0,6,6,6,1.0,0.0,0.06715475002035481
358,44,dqn,central_route_closure,False,True,15.0,6,6,6,1.0,0.0,0.06681897627025304
359,44,dqn,central_route_closure,False,True,15.0,6,6,6,1.0,0.0,0.06648488138890178
360,44,dqn,central_route_closure,False,True,15.0,6,6,6,1.0,0.0,0.06615245698195728
361,44,dqn,central_route_closure,False,True,15.0,6,6,6,1.0,0.0,0.06582169469704749
362,44,dqn,central_route_closure,False,True,15.0,6,6,6,1.0,0.0,0.06549258622356226
363,44,dqn,central_route_closure,False,True,15.0,6,6,6,1.0,0.0,0.06516512329244445
364,44,dqn,central_route_closure,False,True,15.0,6,6,6,1.0,0.0,0.06483929767598223
365,44,dqn,central_route_closure,False,True,15.0,6,6,6,1.0,0.0,0.06451510118760233
366,44,dqn,central_route_closure,False,True,15.0,6,6,6,1.0,0.0,0.06419252568166432
367,44,dqn,central_route_closure,False,True,15.0,6,6,6,1.0,0.0,0.063871563053256
368,44,dqn,central_route_closure,False,True,15.0,6,6,6,1.0,0.0,0.06355220523798973
369,44,dqn,central_route_closure,False,True,15.0,6,6,6,1.0,0.0,0.06323444421179977
370,44,dqn,central_route_closure,False,True,15.0,6,6,6,1.0,0.0,0.06291827199074078
371,44,dqn,central_route_closure,False,True,15.0,6,6,6,1.0,0.0,0.06260368063078707
372,44,dqn,central_route_closure,False,True,15.0,6,6,6,1.0,0.0,0.06229066222763313
373,44,dqn,central_route_closure,False,True,15.0,6,6,6,1.0,0.0,0.061979208916494964
374,44,dqn,central_route_closure,False,True,15.0,6,6,6,1.0,0.0,0.06166931287191249
375,44,dqn,central_route_closure,False,True,15.0,6,6,6,1.0,0.0,0.06136096630755293
376,44,dqn,central_route_closure,False,True,15.0,6,6,6,1.0,0.0,0.06105416147601517
377,44,dqn,central_route_closure,False,True,15.0,6,6,6,1.0,0.0,0.06074889066863509
378,44,dqn,central_route_closure,False,True,15.0,6,6,6,1.0,0.0,0.060445146215291914
379,44,dqn,central_route_closure,False,True,15.0,6,6,6,1.0,0.0,0.060142920484215455
380,44,dqn,central_route_closure,False,True,15.0,6,6,6,1.0,0.0,0.059842205881794376
381,44,dqn,central_route_closure,False,True,15.0,6,6,6,1.0,0.0,0.05954299485238541
382,44,dqn,central_route_closure,False,True,15.0,6,6,6,1.0,0.0,0.05924527987812348
383,44,dqn,central_route_closure,False,True,15.0,6,6,6,1.0,0.0,0.05894905347873287
384,44,dqn,central_route_closure,False,True,15.0,6,6,6,1.0,0.0,0.058654308211339205
385,44,dqn,central_route_closure,False,True,15.0,6,6,6,1.0,0.0,0.05836103667028251
386,44,dqn,central_route_closure,False,True,15.0,6,6,6,1.0,0.0,0.0580692314869311
387,44,dqn,central_route_closure,False,True,15.0,6,6,6,1.0,0.0,0.057778885329496446
388,44,dqn,central_route_closure,False,True,15.0,6,6,6,1.0,0.0,0.05748999090284897
389,44,dqn,central_route_closure,False,True,15.0,6,6,6,1.0,0.0,0.05720254094833472
390,44,dqn,central_route_closure,False,True,15.0,6,6,6,1.0,0.0,0.05691652824359304
391,44,dqn,central_route_closure,False,True,15.0,6,6,6,1.0,0.0,0.056631945602375076
392,44,dqn,central_route_closure,False,True,15.0,6,6,6,1.0,0.0,0.0563487858743632
393,44,dqn,central_route_closure,False,True,15.0,6,6,6,1.0,0.0,0.05606704194499138
394,44,dqn,central_route_closure,False,True,15.0,6,6,6,1.0,0.0,0.05578670673526642
395,44,dqn,central_route_closure,False,True,15.0,6,6,6,1.0,0.0,0.05550777320159009
396,44,dqn,central_route_closure,False,True,15.0,6,6,6,1.0,0.0,0.055230234335582135
397,44,dqn,central_route_closure,False,True,15.0,6,6,6,1.0,0.0,0.054954083163904224
398,44,dqn,central_route_closure,False,True,15.0,6,6,6,1.0,0.0,0.054679312748084706
399,44,dqn,central_route_closure,False,True,15.0,6,6,6,1.0,0.0,0.05440591618434428
400,44,dqn,central_route_closure,False,True,15.0,6,6,6,1.0,0.0,0.05413388660342256
401,44,dqn,central_route_closure,False,True,15.0,6,6,6,1.0,0.0,0.053863217170405445
402,44,dqn,central_route_closure,False,True,15.0,6,6,6,1.0,0.0,0.05359390108455342
403,44,dqn,central_route_closure,False,True,15.0,6,6,6,1.0,0.0,0.05332593157913065
404,44,dqn,central_route_closure,False,True,15.0,6,6,6,1.0,0.0,0.053059301921235
405,44,dqn,central_route_closure,False,True,15.0,6,6,6,1.0,0.0,0.052794005411628826
406,44,dqn,central_route_closure,False,True,15.0,6,6,6,1.0,0.0,0.052530035384570684
407,44,dqn,central_route_closure,False,True,15.0,6,6,6,1.0,0.0,0.05226738520764783
408,44,dqn,central_route_closure,False,True,15.0,6,6,6,1.0,0.0,0.05200604828160959
409,44,dqn,central_route_closure,False,True,15.0,6,6,6,1.0,0.0,0.05174601804020154
410,44,dqn,central_route_closure,False,True,15.0,6,6,6,1.0,0.0,0.051487287950000536
411,44,dqn,central_route_closure,False,True,15.0,6,6,6,1.0,0.0,0.051229851510250536
412,44,dqn,central_route_closure,False,True,15.0,6,6,6,1.0,0.0,0.05097370225269928
413,44,dqn,central_route_closure,False,True,15.0,6,6,6,1.0,0.0,0.050718833741435786
414,44,dqn,central_route_closure,False,True,15.0,6,6,6,1.0,0.0,0.05046523957272861
415,44,dqn,central_route_closure,False,True,15.0,6,6,6,1.0,0.0,0.05021291337486496
416,44,dqn,central_route_closure,False,True,15.0,6,6,6,1.0,0.0,0.05
417,44,dqn,central_route_closure,False,True,15.0,6,6,6,1.0,0.0,0.05
418,44,dqn,central_route_closure,False,True,15.0,6,6,6,1.0,0.0,0.05
419,44,dqn,central_route_closure,False,True,15.0,6,6,6,1.0,0.0,0.05
420,44,dqn,central_route_closure,False,True,15.0,6,6,6,1.0,0.0,0.05
421,44,dqn,central_route_closure,False,True,15.0,6,6,6,1.0,0.0,0.05
422,44,dqn,central_route_closure,False,True,15.0,6,6,6,1.0,0.0,0.05
423,44,dqn,central_route_closure,False,True,15.0,6,6,6,1.0,0.0,0.05
424,44,dqn,central_route_closure,False,True,15.0,6,6,6,1.0,0.0,0.05
425,44,dqn,central_route_closure,False,True,15.0,6,6,6,1.0,0.0,0.05
426,44,dqn,central_route_closure,False,True,15.0,6,6,6,1.0,0.0,0.05
427,44,dqn,central_route_closure,False,True,15.0,6,6,6,1.0,0.0,0.05
428,44,dqn,central_route_closure,False,True,15.0,6,6,6,1.0,0.0,0.05
429,44,dqn,central_route_closure,False,True,15.0,6,6,6,1.0,0.0,0.05
430,44,dqn,central_route_closure,False,True,15.0,6,6,6,1.0,0.0,0.05
431,44,dqn,central_route_closure,False,True,15.0,6,6,6,1.0,0.0,0.05
432,44,dqn,central_route_closure,False,True,15.0,6,6,6,1.0,0.0,0.05
433,44,dqn,central_route_closure,False,True,15.0,6,6,6,1.0,0.0,0.05
434,44,dqn,central_route_closure,False,True,15.0,6,6,6,1.0,0.0,0.05
435,44,dqn,central_route_closure,False,True,15.0,6,6,6,1.0,0.0,0.05
436,44,dqn,central_route_closure,False,True,15.0,6,6,6,1.0,0.0,0.05
437,44,dqn,central_route_closure,False,True,15.0,6,6,6,1.0,0.0,0.05
438,44,dqn,central_route_closure,False,True,15.0,6,6,6,1.0,0.0,0.05
439,44,dqn,central_route_closure,False,True,15.0,6,6,6,1.0,0.0,0.05
440,44,dqn,central_route_closure,False,True,15.0,6,6,6,1.0,0.0,0.05
441,44,dqn,central_route_closure,False,True,15.0,6,6,6,1.0,0.0,0.05
442,44,dqn,central_route_closure,False,True,15.0,6,6,6,1.0,0.0,0.05
443,44,dqn,central_route_closure,False,True,15.0,6,6,6,1.0,0.0,0.05
444,44,dqn,central_route_closure,False,True,15.0,6,6,6,1.0,0.0,0.05
445,44,dqn,central_route_closure,False,True,15.0,6,6,6,1.0,0.0,0.05
446,44,dqn,central_route_closure,False,True,15.0,6,6,6,1.0,0.0,0.05
447,44,dqn,central_route_closure,False,True,15.0,6,6,6,1.0,0.0,0.05
448,44,dqn,central_route_closure,False,True,15.0,6,6,6,1.0,0.0,0.05
449,44,dqn,central_route_closure,False,True,15.0,6,6,6,1.0,0.0,0.05
450,44,dqn,central_route_closure,False,True,15.0,6,6,6,1.0,0.0,0.05
451,44,dqn,central_route_closure,False,True,15.0,6,6,6,1.0,0.0,0.05
452,44,dqn,central_route_closure,False,True,15.0,6,6,6,1.0,0.0,0.05
453,44,dqn,central_route_closure,False,True,15.0,6,6,6,1.0,0.0,0.05
454,44,dqn,central_route_closure,False,True,15.0,6,6,6,1.0,0.0,0.05
455,44,dqn,central_route_closure,False,True,15.0,6,6,6,1.0,0.0,0.05
456,44,dqn,central_route_closure,False,True,15.0,6,6,6,1.0,0.0,0.05
457,44,dqn,central_route_closure,False,True,15.0,6,6,6,1.0,0.0,0.05
458,44,dqn,central_route_closure,False,True,15.0,6,6,6,1.0,0.0,0.05
459,44,dqn,central_route_closure,False,True,15.0,6,6,6,1.0,0.0,0.05
460,44,dqn,central_route_closure,False,True,15.0,6,6,6,1.0,0.0,0.05
461,44,dqn,central_route_closure,False,True,15.0,6,6,6,1.0,0.0,0.05
462,44,dqn,central_route_closure,False,True,15.0,6,6,6,1.0,0.0,0.05
463,44,dqn,central_route_closure,False,True,15.0,6,6,6,1.0,0.0,0.05
464,44,dqn,central_route_closure,False,True,15.0,6,6,6,1.0,0.0,0.05
465,44,dqn,central_route_closure,False,True,15.0,6,6,6,1.0,0.0,0.05
466,44,dqn,central_route_closure,False,True,15.0,6,6,6,1.0,0.0,0.05
467,44,dqn,central_route_closure,False,True,15.0,6,6,6,1.0,0.0,0.05
468,44,dqn,central_route_closure,False,True,15.0,6,6,6,1.0,0.0,0.05
469,44,dqn,central_route_closure,False,True,15.0,6,6,6,1.0,0.0,0.05
470,44,dqn,central_route_closure,False,True,15.0,6,6,6,1.0,0.0,0.05
471,44,dqn,central_route_closure,False,True,15.0,6,6,6,1.0,0.0,0.05
472,44,dqn,central_route_closure,False,True,15.0,6,6,6,1.0,0.0,0.05
473,44,dqn,central_route_closure,False,True,15.0,6,6,6,1.0,0.0,0.05
474,44,dqn,central_route_closure,False,True,15.0,6,6,6,1.0,0.0,0.05
475,44,dqn,central_route_closure,False,True,15.0,6,6,6,1.0,0.0,0.05
476,44,dqn,central_route_closure,False,True,15.0,6,6,6,1.0,0.0,0.05
477,44,dqn,central_route_closure,False,True,15.0,6,6,6,1.0,0.0,0.05
478,44,dqn,central_route_closure,False,True,15.0,6,6,6,1.0,0.0,0.05
479,44,dqn,central_route_closure,False,True,15.0,6,6,6,1.0,0.0,0.05
480,44,dqn,central_route_closure,False,True,15.0,6,6,6,1.0,0.0,0.05
481,44,dqn,central_route_closure,False,True,15.0,6,6,6,1.0,0.0,0.05
482,44,dqn,central_route_closure,False,True,15.0,6,6,6,1.0,0.0,0.05
483,44,dqn,central_route_closure,False,True,15.0,6,6,6,1.0,0.0,0.05
484,44,dqn,central_route_closure,False,True,15.0,6,6,6,1.0,0.0,0.05
485,44,dqn,central_route_closure,False,True,15.0,6,6,6,1.0,0.0,0.05
486,44,dqn,central_route_closure,False,True,15.0,6,6,6,1.0,0.0,0.05
487,44,dqn,central_route_closure,False,True,15.0,6,6,6,1.0,0.0,0.05
488,44,dqn,central_route_closure,False,True,15.0,6,6,6,1.0,0.0,0.05
489,44,dqn,central_route_closure,False,True,15.0,6,6,6,1.0,0.0,0.05
490,44,dqn,central_route_closure,False,True,15.0,6,6,6,1.0,0.0,0.05
491,44,dqn,central_route_closure,False,True,15.0,6,6,6,1.0,0.0,0.05
492,44,dqn,central_route_closure,False,True,15.0,6,6,6,1.0,0.0,0.05
493,44,dqn,central_route_closure,False,True,15.0,6,6,6,1.0,0.0,0.05
494,44,dqn,central_route_closure,False,True,15.0,6,6,6,1.0,0.0,0.05
495,44,dqn,central_route_closure,False,True,15.0,6,6,6,1.0,0.0,0.05
496,44,dqn,central_route_closure,False,True,15.0,6,6,6,1.0,0.0,0.05
497,44,dqn,central_route_closure,False,True,15.0,6,6,6,1.0,0.0,0.05
498,44,dqn,central_route_closure,False,True,15.0,6,6,6,1.0,0.0,0.05
499,44,dqn,central_route_closure,False,True,15.0,6,6,6,1.0,0.0,0.05
500,44,dqn,central_route_closure,False,True,15.0,6,6,6,1.0,0.0,0.05
501,44,dqn,central_route_closure,True,False,-192.0,40,,8,0.0,32.0,0.05
502,44,dqn,central_route_closure,True,False,-192.0,40,,8,0.0,32.0,0.05
503,44,dqn,central_route_closure,True,False,-192.0,40,,8,0.0,32.0,0.05
504,44,dqn,central_route_closure,True,False,-192.0,40,,8,0.0,32.0,0.05
505,44,dqn,central_route_closure,True,False,-192.0,40,,8,0.0,32.0,0.05
506,44,dqn,central_route_closure,True,False,-192.0,40,,8,0.0,32.0,0.05
507,44,dqn,central_route_closure,True,False,-192.0,40,,8,0.0,32.0,0.05
508,44,dqn,central_route_closure,True,False,-192.0,40,,8,0.0,32.0,0.05
509,44,dqn,central_route_closure,True,False,-192.0,40,,8,0.0,32.0,0.05
510,44,dqn,central_route_closure,True,False,-192.0,40,,8,0.0,32.0,0.05
511,44,dqn,central_route_closure,True,False,-192.0,40,,8,0.0,32.0,0.05
512,44,dqn,central_route_closure,True,False,-192.0,40,,8,0.0,32.0,0.05
513,44,dqn,central_route_closure,True,False,-192.0,40,,8,0.0,32.0,0.05
514,44,dqn,central_route_closure,True,False,-192.0,40,,8,0.0,32.0,0.05
515,44,dqn,central_route_closure,True,False,-192.0,40,,8,0.0,32.0,0.05
516,44,dqn,central_route_closure,True,False,-192.0,40,,8,0.0,32.0,0.05
517,44,dqn,central_route_closure,True,False,-192.0,40,,8,0.0,32.0,0.05
518,44,dqn,central_route_closure,True,False,-192.0,40,,8,0.0,32.0,0.05
519,44,dqn,central_route_closure,True,False,-192.0,40,,8,0.0,32.0,0.05
520,44,dqn,central_route_closure,True,False,-192.0,40,,8,0.0,32.0,0.05
521,44,dqn,central_route_closure,True,False,-192.0,40,,8,0.0,32.0,0.05
522,44,dqn,central_route_closure,True,False,-192.0,40,,8,0.0,32.0,0.05
523,44,dqn,central_route_closure,True,False,-192.0,40,,8,0.0,32.0,0.05
524,44,dqn,central_route_closure,True,False,-192.0,40,,8,0.0,32.0,0.05
525,44,dqn,central_route_closure,True,False,-192.0,40,,8,0.0,32.0,0.05
526,44,dqn,central_route_closure,True,False,-192.0,40,,8,0.0,32.0,0.05
527,44,dqn,central_route_closure,True,False,-192.0,40,,8,0.0,32.0,0.05
528,44,dqn,central_route_closure,True,False,-192.0,40,,8,0.0,32.0,0.05
529,44,dqn,central_route_closure,True,False,-192.0,40,,8,0.0,32.0,0.05
530,44,dqn,central_route_closure,True,False,-192.0,40,,8,0.0,32.0,0.05
531,44,dqn,central_route_closure,True,False,-192.0,40,,8,0.0,32.0,0.05
532,44,dqn,central_route_closure,True,False,-192.0,40,,8,0.0,32.0,0.05
533,44,dqn,central_route_closure,True,False,-192.0,40,,8,0.0,32.0,0.05
534,44,dqn,central_route_closure,True,False,-192.0,40,,8,0.0,32.0,0.05
535,44,dqn,central_route_closure,True,False,-192.0,40,,8,0.0,32.0,0.05
536,44,dqn,central_route_closure,True,False,-192.0,40,,8,0.0,32.0,0.05
537,44,dqn,central_route_closure,True,False,-192.0,40,,8,0.0,32.0,0.05
538,44,dqn,central_route_closure,True,False,-192.0,40,,8,0.0,32.0,0.05
539,44,dqn,central_route_closure,True,False,-192.0,40,,8,0.0,32.0,0.05
540,44,dqn,central_route_closure,True,False,-192.0,40,,8,0.0,32.0,0.05
541,44,dqn,central_route_closure,True,False,-192.0,40,,8,0.0,32.0,0.05
542,44,dqn,central_route_closure,True,False,-192.0,40,,8,0.0,32.0,0.05
543,44,dqn,central_route_closure,True,False,-192.0,40,,8,0.0,32.0,0.05
544,44,dqn,central_route_closure,True,False,-192.0,40,,8,0.0,32.0,0.05
545,44,dqn,central_route_closure,True,False,-192.0,40,,8,0.0,32.0,0.05
546,44,dqn,central_route_closure,True,True,13.0,8,8,8,1.0,0.0,0.05
547,44,dqn,central_route_closure,True,True,13.0,8,8,8,1.0,0.0,0.05
548,44,dqn,central_route_closure,True,True,13.0,8,8,8,1.0,0.0,0.05
549,44,dqn,central_route_closure,True,True,13.0,8,8,8,1.0,0.0,0.05
550,44,dqn,central_route_closure,True,True,13.0,8,8,8,1.0,0.0,0.05
551,44,dqn,central_route_closure,True,True,13.0,8,8,8,1.0,0.0,0.05
552,44,dqn,central_route_closure,True,True,13.0,8,8,8,1.0,0.0,0.05
553,44,dqn,central_route_closure,True,True,13.0,8,8,8,1.0,0.0,0.05
554,44,dqn,central_route_closure,True,True,13.0,8,8,8,1.0,0.0,0.05
555,44,dqn,central_route_closure,True,True,13.0,8,8,8,1.0,0.0,0.05
556,44,dqn,central_route_closure,True,True,13.0,8,8,8,1.0,0.0,0.05
557,44,dqn,central_route_closure,True,True,13.0,8,8,8,1.0,0.0,0.05
558,44,dqn,central_route_closure,True,True,13.0,8,8,8,1.0,0.0,0.05
559,44,dqn,central_route_closure,True,True,13.0,8,8,8,1.0,0.0,0.05
560,44,dqn,central_route_closure,True,True,13.0,8,8,8,1.0,0.0,0.05
561,44,dqn,central_route_closure,True,True,13.0,8,8,8,1.0,0.0,0.05
562,44,dqn,central_route_closure,True,True,13.0,8,8,8,1.0,0.0,0.05
563,44,dqn,central_route_closure,True,True,13.0,8,8,8,1.0,0.0,0.05
564,44,dqn,central_route_closure,True,True,13.0,8,8,8,1.0,0.0,0.05
565,44,dqn,central_route_closure,True,True,13.0,8,8,8,1.0,0.0,0.05
566,44,dqn,central_route_closure,True,True,13.0,8,8,8,1.0,0.0,0.05
567,44,dqn,central_route_closure,True,True,13.0,8,8,8,1.0,0.0,0.05
568,44,dqn,central_route_closure,True,True,13.0,8,8,8,1.0,0.0,0.05
569,44,dqn,central_route_closure,True,True,13.0,8,8,8,1.0,0.0,0.05
570,44,dqn,central_route_closure,True,True,13.0,8,8,8,1.0,0.0,0.05
571,44,dqn,central_route_closure,True,True,13.0,8,8,8,1.0,0.0,0.05
572,44,dqn,central_route_closure,True,True,13.0,8,8,8,1.0,0.0,0.05
573,44,dqn,central_route_closure,True,True,13.0,8,8,8,1.0,0.0,0.05
574,44,dqn,central_route_closure,True,True,13.0,8,8,8,1.0,0.0,0.05
575,44,dqn,central_route_closure,True,True,13.0,8,8,8,1.0,0.0,0.05
576,44,dqn,central_route_closure,True,True,13.0,8,8,8,1.0,0.0,0.05
577,44,dqn,central_route_closure,True,True,13.0,8,8,8,1.0,0.0,0.05
578,44,dqn,central_route_closure,True,True,13.0,8,8,8,1.0,0.0,0.05
579,44,dqn,central_route_closure,True,True,13.0,8,8,8,1.0,0.0,0.05
580,44,dqn,central_route_closure,True,True,13.0,8,8,8,1.0,0.0,0.05
581,44,dqn,central_route_closure,True,True,13.0,8,8,8,1.0,0.0,0.05
582,44,dqn,central_route_closure,True,True,13.0,8,8,8,1.0,0.0,0.05
583,44,dqn,central_route_closure,True,True,13.0,8,8,8,1.0,0.0,0.05
584,44,dqn,central_route_closure,True,True,13.0,8,8,8,1.0,0.0,0.05
585,44,dqn,central_route_closure,True,True,13.0,8,8,8,1.0,0.0,0.05
586,44,dqn,central_route_closure,True,True,13.0,8,8,8,1.0,0.0,0.05
587,44,dqn,central_route_closure,True,True,13.0,8,8,8,1.0,0.0,0.05
588,44,dqn,central_route_closure,True,True,13.0,8,8,8,1.0,0.0,0.05
589,44,dqn,central_route_closure,True,True,13.0,8,8,8,1.0,0.0,0.05
590,44,dqn,central_route_closure,True,True,13.0,8,8,8,1.0,0.0,0.05
591,44,dqn,central_route_closure,True,True,13.0,8,8,8,1.0,0.0,0.05
592,44,dqn,central_route_closure,True,True,13.0,8,8,8,1.0,0.0,0.05
593,44,dqn,central_route_closure,True,True,13.0,8,8,8,1.0,0.0,0.05
594,44,dqn,central_route_closure,True,True,13.0,8,8,8,1.0,0.0,0.05
595,44,dqn,central_route_closure,True,True,13.0,8,8,8,1.0,0.0,0.05
596,44,dqn,central_route_closure,True,True,13.0,8,8,8,1.0,0.0,0.05
597,44,dqn,central_route_closure,True,True,13.0,8,8,8,1.0,0.0,0.05
598,44,dqn,central_route_closure,True,True,13.0,8,8,8,1.0,0.0,0.05
599,44,dqn,central_route_closure,True,True,13.0,8,8,8,1.0,0.0,0.05
600,44,dqn,central_route_closure,True,True,13.0,8,8,8,1.0,0.0,0.05
601,44,dqn,central_route_closure,True,True,13.0,8,8,8,1.0,0.0,0.05
602,44,dqn,central_route_closure,True,True,13.0,8,8,8,1.0,0.0,0.05
603,44,dqn,central_route_closure,True,True,13.0,8,8,8,1.0,0.0,0.05
604,44,dqn,central_route_closure,True,True,13.0,8,8,8,1.0,0.0,0.05
605,44,dqn,central_route_closure,True,True,13.0,8,8,8,1.0,0.0,0.05
606,44,dqn,central_route_closure,True,True,13.0,8,8,8,1.0,0.0,0.05
607,44,dqn,central_route_closure,True,True,13.0,8,8,8,1.0,0.0,0.05
608,44,dqn,central_route_closure,True,True,13.0,8,8,8,1.0,0.0,0.05
609,44,dqn,central_route_closure,True,True,13.0,8,8,8,1.0,0.0,0.05
610,44,dqn,central_route_closure,True,True,13.0,8,8,8,1.0,0.0,0.05
611,44,dqn,central_route_closure,True,True,13.0,8,8,8,1.0,0.0,0.05
612,44,dqn,central_route_closure,True,True,13.0,8,8,8,1.0,0.0,0.05
613,44,dqn,central_route_closure,True,True,13.0,8,8,8,1.0,0.0,0.05
614,44,dqn,central_route_closure,True,True,13.0,8,8,8,1.0,0.0,0.05
615,44,dqn,central_route_closure,True,True,13.0,8,8,8,1.0,0.0,0.05
616,44,dqn,central_route_closure,True,True,13.0,8,8,8,1.0,0.0,0.05
617,44,dqn,central_route_closure,True,True,13.0,8,8,8,1.0,0.0,0.05
618,44,dqn,central_route_closure,True,True,13.0,8,8,8,1.0,0.0,0.05
619,44,dqn,central_route_closure,True,True,13.0,8,8,8,1.0,0.0,0.05
620,44,dqn,central_route_closure,True,True,13.0,8,8,8,1.0,0.0,0.05
621,44,dqn,central_route_closure,True,True,13.0,8,8,8,1.0,0.0,0.05
622,44,dqn,central_route_closure,True,True,13.0,8,8,8,1.0,0.0,0.05
623,44,dqn,central_route_closure,True,True,13.0,8,8,8,1.0,0.0,0.05
624,44,dqn,central_route_closure,True,True,13.0,8,8,8,1.0,0.0,0.05
625,44,dqn,central_route_closure,True,True,13.0,8,8,8,1.0,0.0,0.05
626,44,dqn,central_route_closure,True,True,13.0,8,8,8,1.0,0.0,0.05
627,44,dqn,central_route_closure,True,True,13.0,8,8,8,1.0,0.0,0.05
628,44,dqn,central_route_closure,True,True,13.0,8,8,8,1.0,0.0,0.05
629,44,dqn,central_route_closure,True,True,13.0,8,8,8,1.0,0.0,0.05
630,44,dqn,central_route_closure,True,True,13.0,8,8,8,1.0,0.0,0.05
631,44,dqn,central_route_closure,True,True,13.0,8,8,8,1.0,0.0,0.05
632,44,dqn,central_route_closure,True,True,13.0,8,8,8,1.0,0.0,0.05
633,44,dqn,central_route_closure,True,True,13.0,8,8,8,1.0,0.0,0.05
634,44,dqn,central_route_closure,True,True,13.0,8,8,8,1.0,0.0,0.05
635,44,dqn,central_route_closure,True,True,13.0,8,8,8,1.0,0.0,0.05
636,44,dqn,central_route_closure,True,True,13.0,8,8,8,1.0,0.0,0.05
637,44,dqn,central_route_closure,True,True,13.0,8,8,8,1.0,0.0,0.05
638,44,dqn,central_route_closure,True,True,13.0,8,8,8,1.0,0.0,0.05
639,44,dqn,central_route_closure,True,True,13.0,8,8,8,1.0,0.0,0.05
640,44,dqn,central_route_closure,True,True,13.0,8,8,8,1.0,0.0,0.05
641,44,dqn,central_route_closure,True,True,13.0,8,8,8,1.0,0.0,0.05
642,44,dqn,central_route_closure,True,True,13.0,8,8,8,1.0,0.0,0.05
643,44,dqn,central_route_closure,True,True,13.0,8,8,8,1.0,0.0,0.05
644,44,dqn,central_route_closure,True,True,13.0,8,8,8,1.0,0.0,0.05
645,44,dqn,central_route_closure,True,True,13.0,8,8,8,1.0,0.0,0.05
646,44,dqn,central_route_closure,True,True,13.0,8,8,8,1.0,0.0,0.05
647,44,dqn,central_route_closure,True,True,13.0,8,8,8,1.0,0.0,0.05
648,44,dqn,central_route_closure,True,True,13.0,8,8,8,1.0,0.0,0.05
649,44,dqn,central_route_closure,True,True,13.0,8,8,8,1.0,0.0,0.05
650,44,dqn,central_route_closure,True,True,13.0,8,8,8,1.0,0.0,0.05
651,44,dqn,central_route_closure,True,True,13.0,8,8,8,1.0,0.0,0.05
652,44,dqn,central_route_closure,True,True,13.0,8,8,8,1.0,0.0,0.05
653,44,dqn,central_route_closure,True,True,13.0,8,8,8,1.0,0.0,0.05
654,44,dqn,central_route_closure,True,True,13.0,8,8,8,1.0,0.0,0.05
655,44,dqn,central_route_closure,True,True,13.0,8,8,8,1.0,0.0,0.05
656,44,dqn,central_route_closure,True,True,13.0,8,8,8,1.0,0.0,0.05
657,44,dqn,central_route_closure,True,True,13.0,8,8,8,1.0,0.0,0.05
658,44,dqn,central_route_closure,True,True,13.0,8,8,8,1.0,0.0,0.05
659,44,dqn,central_route_closure,True,True,13.0,8,8,8,1.0,0.0,0.05
660,44,dqn,central_route_closure,True,True,13.0,8,8,8,1.0,0.0,0.05
661,44,dqn,central_route_closure,True,True,13.0,8,8,8,1.0,0.0,0.05
662,44,dqn,central_route_closure,True,True,13.0,8,8,8,1.0,0.0,0.05
663,44,dqn,central_route_closure,True,True,13.0,8,8,8,1.0,0.0,0.05
664,44,dqn,central_route_closure,True,True,13.0,8,8,8,1.0,0.0,0.05
665,44,dqn,central_route_closure,True,True,13.0,8,8,8,1.0,0.0,0.05
666,44,dqn,central_route_closure,True,True,13.0,8,8,8,1.0,0.0,0.05
667,44,dqn,central_route_closure,True,True,13.0,8,8,8,1.0,0.0,0.05
668,44,dqn,central_route_closure,True,True,13.0,8,8,8,1.0,0.0,0.05
669,44,dqn,central_route_closure,True,True,13.0,8,8,8,1.0,0.0,0.05
670,44,dqn,central_route_closure,True,True,13.0,8,8,8,1.0,0.0,0.05
671,44,dqn,central_route_closure,True,True,13.0,8,8,8,1.0,0.0,0.05
672,44,dqn,central_route_closure,True,True,13.0,8,8,8,1.0,0.0,0.05
673,44,dqn,central_route_closure,True,True,13.0,8,8,8,1.0,0.0,0.05
674,44,dqn,central_route_closure,True,True,13.0,8,8,8,1.0,0.0,0.05
675,44,dqn,central_route_closure,True,True,13.0,8,8,8,1.0,0.0,0.05
676,44,dqn,central_route_closure,True,True,13.0,8,8,8,1.0,0.0,0.05
677,44,dqn,central_route_closure,True,True,13.0,8,8,8,1.0,0.0,0.05
678,44,dqn,central_route_closure,True,True,13.0,8,8,8,1.0,0.0,0.05
679,44,dqn,central_route_closure,True,True,13.0,8,8,8,1.0,0.0,0.05
680,44,dqn,central_route_closure,True,True,13.0,8,8,8,1.0,0.0,0.05
681,44,dqn,central_route_closure,True,True,13.0,8,8,8,1.0,0.0,0.05
682,44,dqn,central_route_closure,True,True,13.0,8,8,8,1.0,0.0,0.05
683,44,dqn,central_route_closure,True,True,13.0,8,8,8,1.0,0.0,0.05
684,44,dqn,central_route_closure,True,True,13.0,8,8,8,1.0,0.0,0.05
685,44,dqn,central_route_closure,True,True,13.0,8,8,8,1.0,0.0,0.05
686,44,dqn,central_route_closure,True,True,13.0,8,8,8,1.0,0.0,0.05
687,44,dqn,central_route_closure,True,True,13.0,8,8,8,1.0,0.0,0.05
688,44,dqn,central_route_closure,True,True,13.0,8,8,8,1.0,0.0,0.05
689,44,dqn,central_route_closure,True,True,13.0,8,8,8,1.0,0.0,0.05
690,44,dqn,central_route_closure,True,True,13.0,8,8,8,1.0,0.0,0.05
691,44,dqn,central_route_closure,True,True,13.0,8,8,8,1.0,0.0,0.05
692,44,dqn,central_route_closure,True,True,13.0,8,8,8,1.0,0.0,0.05
693,44,dqn,central_route_closure,True,True,13.0,8,8,8,1.0,0.0,0.05
694,44,dqn,central_route_closure,True,True,13.0,8,8,8,1.0,0.0,0.05
695,44,dqn,central_route_closure,True,True,13.0,8,8,8,1.0,0.0,0.05
696,44,dqn,central_route_closure,True,True,13.0,8,8,8,1.0,0.0,0.05
697,44,dqn,central_route_closure,True,True,13.0,8,8,8,1.0,0.0,0.05
698,44,dqn,central_route_closure,True,True,13.0,8,8,8,1.0,0.0,0.05
699,44,dqn,central_route_closure,True,True,13.0,8,8,8,1.0,0.0,0.05
700,44,dqn,central_route_closure,True,True,13.0,8,8,8,1.0,0.0,0.05
701,44,dqn,central_route_closure,True,True,13.0,8,8,8,1.0,0.0,0.05
702,44,dqn,central_route_closure,True,True,13.0,8,8,8,1.0,0.0,0.05
703,44,dqn,central_route_closure,True,True,13.0,8,8,8,1.0,0.0,0.05
704,44,dqn,central_route_closure,True,True,13.0,8,8,8,1.0,0.0,0.05
705,44,dqn,central_route_closure,True,True,13.0,8,8,8,1.0,0.0,0.05
706,44,dqn,central_route_closure,True,True,13.0,8,8,8,1.0,0.0,0.05
707,44,dqn,central_route_closure,True,True,13.0,8,8,8,1.0,0.0,0.05
708,44,dqn,central_route_closure,True,True,13.0,8,8,8,1.0,0.0,0.05
709,44,dqn,central_route_closure,True,True,13.0,8,8,8,1.0,0.0,0.05
710,44,dqn,central_route_closure,True,True,13.0,8,8,8,1.0,0.0,0.05
711,44,dqn,central_route_closure,True,True,13.0,8,8,8,1.0,0.0,0.05
712,44,dqn,central_route_closure,True,True,13.0,8,8,8,1.0,0.0,0.05
713,44,dqn,central_route_closure,True,True,13.0,8,8,8,1.0,0.0,0.05
714,44,dqn,central_route_closure,True,True,13.0,8,8,8,1.0,0.0,0.05
715,44,dqn,central_route_closure,True,True,13.0,8,8,8,1.0,0.0,0.05
716,44,dqn,central_route_closure,True,True,13.0,8,8,8,1.0,0.0,0.05
717,44,dqn,central_route_closure,True,True,13.0,8,8,8,1.0,0.0,0.05
718,44,dqn,central_route_closure,True,True,13.0,8,8,8,1.0,0.0,0.05
719,44,dqn,central_route_closure,True,True,13.0,8,8,8,1.0,0.0,0.05
720,44,dqn,central_route_closure,True,True,13.0,8,8,8,1.0,0.0,0.05
721,44,dqn,central_route_closure,True,True,13.0,8,8,8,1.0,0.0,0.05
722,44,dqn,central_route_closure,True,True,13.0,8,8,8,1.0,0.0,0.05
723,44,dqn,central_route_closure,True,True,13.0,8,8,8,1.0,0.0,0.05
724,44,dqn,central_route_closure,True,True,13.0,8,8,8,1.0,0.0,0.05
725,44,dqn,central_route_closure,True,True,13.0,8,8,8,1.0,0.0,0.05
726,44,dqn,central_route_closure,True,True,13.0,8,8,8,1.0,0.0,0.05
727,44,dqn,central_route_closure,True,True,13.0,8,8,8,1.0,0.0,0.05
728,44,dqn,central_route_closure,True,True,13.0,8,8,8,1.0,0.0,0.05
729,44,dqn,central_route_closure,True,True,13.0,8,8,8,1.0,0.0,0.05
730,44,dqn,central_route_closure,True,True,13.0,8,8,8,1.0,0.0,0.05
731,44,dqn,central_route_closure,True,True,13.0,8,8,8,1.0,0.0,0.05
732,44,dqn,central_route_closure,True,True,13.0,8,8,8,1.0,0.0,0.05
733,44,dqn,central_route_closure,True,True,13.0,8,8,8,1.0,0.0,0.05
734,44,dqn,central_route_closure,True,True,13.0,8,8,8,1.0,0.0,0.05
735,44,dqn,central_route_closure,True,True,13.0,8,8,8,1.0,0.0,0.05
736,44,dqn,central_route_closure,True,True,13.0,8,8,8,1.0,0.0,0.05
737,44,dqn,central_route_closure,True,True,13.0,8,8,8,1.0,0.0,0.05
738,44,dqn,central_route_closure,True,True,13.0,8,8,8,1.0,0.0,0.05
739,44,dqn,central_route_closure,True,True,13.0,8,8,8,1.0,0.0,0.05
740,44,dqn,central_route_closure,True,True,13.0,8,8,8,1.0,0.0,0.05
741,44,dqn,central_route_closure,True,True,13.0,8,8,8,1.0,0.0,0.05
742,44,dqn,central_route_closure,True,True,13.0,8,8,8,1.0,0.0,0.05
743,44,dqn,central_route_closure,True,True,13.0,8,8,8,1.0,0.0,0.05
744,44,dqn,central_route_closure,True,True,13.0,8,8,8,1.0,0.0,0.05
745,44,dqn,central_route_closure,True,True,13.0,8,8,8,1.0,0.0,0.05
746,44,dqn,central_route_closure,True,True,13.0,8,8,8,1.0,0.0,0.05
747,44,dqn,central_route_closure,True,True,13.0,8,8,8,1.0,0.0,0.05
748,44,dqn,central_route_closure,True,True,13.0,8,8,8,1.0,0.0,0.05
749,44,dqn,central_route_closure,True,True,13.0,8,8,8,1.0,0.0,0.05
750,44,dqn,central_route_closure,True,True,13.0,8,8,8,1.0,0.0,0.05
751,44,dqn,central_route_closure,True,True,13.0,8,8,8,1.0,0.0,0.05
752,44,dqn,central_route_closure,True,True,13.0,8,8,8,1.0,0.0,0.05
753,44,dqn,central_route_closure,True,True,13.0,8,8,8,1.0,0.0,0.05
754,44,dqn,central_route_closure,True,True,13.0,8,8,8,1.0,0.0,0.05
755,44,dqn,central_route_closure,True,True,13.0,8,8,8,1.0,0.0,0.05
756,44,dqn,central_route_closure,True,True,13.0,8,8,8,1.0,0.0,0.05
757,44,dqn,central_route_closure,True,True,13.0,8,8,8,1.0,0.0,0.05
758,44,dqn,central_route_closure,True,True,13.0,8,8,8,1.0,0.0,0.05
759,44,dqn,central_route_closure,True,True,13.0,8,8,8,1.0,0.0,0.05
760,44,dqn,central_route_closure,True,True,13.0,8,8,8,1.0,0.0,0.05
761,44,dqn,central_route_closure,True,True,13.0,8,8,8,1.0,0.0,0.05
762,44,dqn,central_route_closure,True,True,13.0,8,8,8,1.0,0.0,0.05
763,44,dqn,central_route_closure,True,True,13.0,8,8,8,1.0,0.0,0.05
764,44,dqn,central_route_closure,True,True,13.0,8,8,8,1.0,0.0,0.05
765,44,dqn,central_route_closure,True,True,13.0,8,8,8,1.0,0.0,0.05
766,44,dqn,central_route_closure,True,True,13.0,8,8,8,1.0,0.0,0.05
767,44,dqn,central_route_closure,True,True,13.0,8,8,8,1.0,0.0,0.05
768,44,dqn,central_route_closure,True,True,13.0,8,8,8,1.0,0.0,0.05
769,44,dqn,central_route_closure,True,True,13.0,8,8,8,1.0,0.0,0.05
770,44,dqn,central_route_closure,True,True,13.0,8,8,8,1.0,0.0,0.05
771,44,dqn,central_route_closure,True,True,13.0,8,8,8,1.0,0.0,0.05
772,44,dqn,central_route_closure,True,True,13.0,8,8,8,1.0,0.0,0.05
773,44,dqn,central_route_closure,True,True,13.0,8,8,8,1.0,0.0,0.05
774,44,dqn,central_route_closure,True,True,13.0,8,8,8,1.0,0.0,0.05
775,44,dqn,central_route_closure,True,True,13.0,8,8,8,1.0,0.0,0.05
776,44,dqn,central_route_closure,True,True,13.0,8,8,8,1.0,0.0,0.05
777,44,dqn,central_route_closure,True,True,13.0,8,8,8,1.0,0.0,0.05
778,44,dqn,central_route_closure,True,True,13.0,8,8,8,1.0,0.0,0.05
779,44,dqn,central_route_closure,True,True,13.0,8,8,8,1.0,0.0,0.05
780,44,dqn,central_route_closure,True,True,13.0,8,8,8,1.0,0.0,0.05
781,44,dqn,central_route_closure,True,True,13.0,8,8,8,1.0,0.0,0.05
782,44,dqn,central_route_closure,True,True,13.0,8,8,8,1.0,0.0,0.05
783,44,dqn,central_route_closure,True,True,13.0,8,8,8,1.0,0.0,0.05
784,44,dqn,central_route_closure,True,True,13.0,8,8,8,1.0,0.0,0.05
785,44,dqn,central_route_closure,True,True,13.0,8,8,8,1.0,0.0,0.05
786,44,dqn,central_route_closure,True,True,13.0,8,8,8,1.0,0.0,0.05
787,44,dqn,central_route_closure,True,True,13.0,8,8,8,1.0,0.0,0.05
788,44,dqn,central_route_closure,True,True,13.0,8,8,8,1.0,0.0,0.05
789,44,dqn,central_route_closure,True,True,13.0,8,8,8,1.0,0.0,0.05
790,44,dqn,central_route_closure,True,True,13.0,8,8,8,1.0,0.0,0.05
791,44,dqn,central_route_closure,True,True,13.0,8,8,8,1.0,0.0,0.05
792,44,dqn,central_route_closure,True,True,13.0,8,8,8,1.0,0.0,0.05
793,44,dqn,central_route_closure,True,True,13.0,8,8,8,1.0,0.0,0.05
794,44,dqn,central_route_closure,True,True,13.0,8,8,8,1.0,0.0,0.05
795,44,dqn,central_route_closure,True,True,13.0,8,8,8,1.0,0.0,0.05
796,44,dqn,central_route_closure,True,True,13.0,8,8,8,1.0,0.0,0.05
797,44,dqn,central_route_closure,True,True,13.0,8,8,8,1.0,0.0,0.05
798,44,dqn,central_route_closure,True,True,13.0,8,8,8,1.0,0.0,0.05
799,44,dqn,central_route_closure,True,True,13.0,8,8,8,1.0,0.0,0.05
800,44,dqn,central_route_closure,True,True,13.0,8,8,8,1.0,0.0,0.05
801,44,dqn,central_route_closure,True,True,13.0,8,8,8,1.0,0.0,0.05
802,44,dqn,central_route_closure,True,True,13.0,8,8,8,1.0,0.0,0.05
803,44,dqn,central_route_closure,True,True,13.0,8,8,8,1.0,0.0,0.05
804,44,dqn,central_route_closure,True,True,13.0,8,8,8,1.0,0.0,0.05
805,44,dqn,central_route_closure,True,True,13.0,8,8,8,1.0,0.0,0.05
806,44,dqn,central_route_closure,True,True,13.0,8,8,8,1.0,0.0,0.05
807,44,dqn,central_route_closure,True,True,13.0,8,8,8,1.0,0.0,0.05
808,44,dqn,central_route_closure,True,True,13.0,8,8,8,1.0,0.0,0.05
809,44,dqn,central_route_closure,True,True,13.0,8,8,8,1.0,0.0,0.05
810,44,dqn,central_route_closure,True,True,13.0,8,8,8,1.0,0.0,0.05
811,44,dqn,central_route_closure,True,True,13.0,8,8,8,1.0,0.0,0.05
812,44,dqn,central_route_closure,True,True,13.0,8,8,8,1.0,0.0,0.05
813,44,dqn,central_route_closure,True,True,13.0,8,8,8,1.0,0.0,0.05
814,44,dqn,central_route_closure,True,True,13.0,8,8,8,1.0,0.0,0.05
815,44,dqn,central_route_closure,True,True,13.0,8,8,8,1.0,0.0,0.05
816,44,dqn,central_route_closure,True,True,13.0,8,8,8,1.0,0.0,0.05
817,44,dqn,central_route_closure,True,True,13.0,8,8,8,1.0,0.0,0.05
818,44,dqn,central_route_closure,True,True,13.0,8,8,8,1.0,0.0,0.05
819,44,dqn,central_route_closure,True,True,13.0,8,8,8,1.0,0.0,0.05
820,44,dqn,central_route_closure,True,True,13.0,8,8,8,1.0,0.0,0.05
821,44,dqn,central_route_closure,True,True,13.0,8,8,8,1.0,0.0,0.05
822,44,dqn,central_route_closure,True,True,13.0,8,8,8,1.0,0.0,0.05
823,44,dqn,central_route_closure,True,True,13.0,8,8,8,1.0,0.0,0.05
824,44,dqn,central_route_closure,True,True,13.0,8,8,8,1.0,0.0,0.05
825,44,dqn,central_route_closure,True,True,13.0,8,8,8,1.0,0.0,0.05
826,44,dqn,central_route_closure,True,True,13.0,8,8,8,1.0,0.0,0.05
827,44,dqn,central_route_closure,True,True,13.0,8,8,8,1.0,0.0,0.05
828,44,dqn,central_route_closure,True,True,13.0,8,8,8,1.0,0.0,0.05
829,44,dqn,central_route_closure,True,True,13.0,8,8,8,1.0,0.0,0.05
830,44,dqn,central_route_closure,True,True,13.0,8,8,8,1.0,0.0,0.05
831,44,dqn,central_route_closure,True,True,13.0,8,8,8,1.0,0.0,0.05
832,44,dqn,central_route_closure,True,True,13.0,8,8,8,1.0,0.0,0.05
833,44,dqn,central_route_closure,True,True,13.0,8,8,8,1.0,0.0,0.05
834,44,dqn,central_route_closure,True,True,13.0,8,8,8,1.0,0.0,0.05
835,44,dqn,central_route_closure,True,True,13.0,8,8,8,1.0,0.0,0.05
836,44,dqn,central_route_closure,True,True,13.0,8,8,8,1.0,0.0,0.05
837,44,dqn,central_route_closure,True,True,13.0,8,8,8,1.0,0.0,0.05
838,44,dqn,central_route_closure,True,True,13.0,8,8,8,1.0,0.0,0.05
839,44,dqn,central_route_closure,True,True,13.0,8,8,8,1.0,0.0,0.05
840,44,dqn,central_route_closure,True,True,13.0,8,8,8,1.0,0.0,0.05
841,44,dqn,central_route_closure,True,True,13.0,8,8,8,1.0,0.0,0.05
842,44,dqn,central_route_closure,True,True,13.0,8,8,8,1.0,0.0,0.05
843,44,dqn,central_route_closure,True,True,13.0,8,8,8,1.0,0.0,0.05
844,44,dqn,central_route_closure,True,True,13.0,8,8,8,1.0,0.0,0.05
845,44,dqn,central_route_closure,True,True,13.0,8,8,8,1.0,0.0,0.05
846,44,dqn,central_route_closure,True,True,13.0,8,8,8,1.0,0.0,0.05
847,44,dqn,central_route_closure,True,True,13.0,8,8,8,1.0,0.0,0.05
848,44,dqn,central_route_closure,True,True,13.0,8,8,8,1.0,0.0,0.05
849,44,dqn,central_route_closure,True,True,13.0,8,8,8,1.0,0.0,0.05
850,44,dqn,central_route_closure,True,True,13.0,8,8,8,1.0,0.0,0.05
851,44,dqn,central_route_closure,True,True,13.0,8,8,8,1.0,0.0,0.05
852,44,dqn,central_route_closure,True,True,13.0,8,8,8,1.0,0.0,0.05
853,44,dqn,central_route_closure,True,True,13.0,8,8,8,1.0,0.0,0.05
854,44,dqn,central_route_closure,True,True,13.0,8,8,8,1.0,0.0,0.05
855,44,dqn,central_route_closure,True,True,13.0,8,8,8,1.0,0.0,0.05
856,44,dqn,central_route_closure,True,True,13.0,8,8,8,1.0,0.0,0.05
857,44,dqn,central_route_closure,True,True,13.0,8,8,8,1.0,0.0,0.05
858,44,dqn,central_route_closure,True,True,13.0,8,8,8,1.0,0.0,0.05
859,44,dqn,central_route_closure,True,True,13.0,8,8,8,1.0,0.0,0.05
860,44,dqn,central_route_closure,True,True,13.0,8,8,8,1.0,0.0,0.05
861,44,dqn,central_route_closure,True,True,13.0,8,8,8,1.0,0.0,0.05
862,44,dqn,central_route_closure,True,True,13.0,8,8,8,1.0,0.0,0.05
863,44,dqn,central_route_closure,True,True,13.0,8,8,8,1.0,0.0,0.05
864,44,dqn,central_route_closure,True,True,13.0,8,8,8,1.0,0.0,0.05
865,44,dqn,central_route_closure,True,True,13.0,8,8,8,1.0,0.0,0.05
866,44,dqn,central_route_closure,True,True,13.0,8,8,8,1.0,0.0,0.05
867,44,dqn,central_route_closure,True,True,13.0,8,8,8,1.0,0.0,0.05
868,44,dqn,central_route_closure,True,True,13.0,8,8,8,1.0,0.0,0.05
869,44,dqn,central_route_closure,True,True,13.0,8,8,8,1.0,0.0,0.05
870,44,dqn,central_route_closure,True,True,13.0,8,8,8,1.0,0.0,0.05
871,44,dqn,central_route_closure,True,True,13.0,8,8,8,1.0,0.0,0.05
872,44,dqn,central_route_closure,True,True,13.0,8,8,8,1.0,0.0,0.05
873,44,dqn,central_route_closure,True,True,13.0,8,8,8,1.0,0.0,0.05
874,44,dqn,central_route_closure,True,True,13.0,8,8,8,1.0,0.0,0.05
875,44,dqn,central_route_closure,True,True,13.0,8,8,8,1.0,0.0,0.05
876,44,dqn,central_route_closure,True,True,13.0,8,8,8,1.0,0.0,0.05
877,44,dqn,central_route_closure,True,True,13.0,8,8,8,1.0,0.0,0.05
878,44,dqn,central_route_closure,True,True,13.0,8,8,8,1.0,0.0,0.05
879,44,dqn,central_route_closure,True,True,13.0,8,8,8,1.0,0.0,0.05
880,44,dqn,central_route_closure,True,True,13.0,8,8,8,1.0,0.0,0.05
881,44,dqn,central_route_closure,True,True,13.0,8,8,8,1.0,0.0,0.05
882,44,dqn,central_route_closure,True,True,13.0,8,8,8,1.0,0.0,0.05
883,44,dqn,central_route_closure,True,True,13.0,8,8,8,1.0,0.0,0.05
884,44,dqn,central_route_closure,True,True,13.0,8,8,8,1.0,0.0,0.05
885,44,dqn,central_route_closure,True,True,13.0,8,8,8,1.0,0.0,0.05
886,44,dqn,central_route_closure,True,True,13.0,8,8,8,1.0,0.0,0.05
887,44,dqn,central_route_closure,True,True,13.0,8,8,8,1.0,0.0,0.05
888,44,dqn,central_route_closure,True,True,13.0,8,8,8,1.0,0.0,0.05
889,44,dqn,central_route_closure,True,True,13.0,8,8,8,1.0,0.0,0.05
890,44,dqn,central_route_closure,True,True,13.0,8,8,8,1.0,0.0,0.05
891,44,dqn,central_route_closure,True,True,13.0,8,8,8,1.0,0.0,0.05
892,44,dqn,central_route_closure,True,True,13.0,8,8,8,1.0,0.0,0.05
893,44,dqn,central_route_closure,True,True,13.0,8,8,8,1.0,0.0,0.05
894,44,dqn,central_route_closure,True,True,13.0,8,8,8,1.0,0.0,0.05
895,44,dqn,central_route_closure,True,True,13.0,8,8,8,1.0,0.0,0.05
896,44,dqn,central_route_closure,True,True,13.0,8,8,8,1.0,0.0,0.05
897,44,dqn,central_route_closure,True,True,13.0,8,8,8,1.0,0.0,0.05
898,44,dqn,central_route_closure,True,True,13.0,8,8,8,1.0,0.0,0.05
899,44,dqn,central_route_closure,True,True,13.0,8,8,8,1.0,0.0,0.05
900,44,dqn,central_route_closure,True,True,13.0,8,8,8,1.0,0.0,0.05
901,44,dqn,central_route_closure,True,True,13.0,8,8,8,1.0,0.0,0.05
902,44,dqn,central_route_closure,True,True,13.0,8,8,8,1.0,0.0,0.05
903,44,dqn,central_route_closure,True,True,13.0,8,8,8,1.0,0.0,0.05
904,44,dqn,central_route_closure,True,True,13.0,8,8,8,1.0,0.0,0.05
905,44,dqn,central_route_closure,True,True,13.0,8,8,8,1.0,0.0,0.05
906,44,dqn,central_route_closure,True,True,13.0,8,8,8,1.0,0.0,0.05
907,44,dqn,central_route_closure,True,True,13.0,8,8,8,1.0,0.0,0.05
908,44,dqn,central_route_closure,True,True,13.0,8,8,8,1.0,0.0,0.05
909,44,dqn,central_route_closure,True,True,13.0,8,8,8,1.0,0.0,0.05
910,44,dqn,central_route_closure,True,True,13.0,8,8,8,1.0,0.0,0.05
911,44,dqn,central_route_closure,True,True,13.0,8,8,8,1.0,0.0,0.05
912,44,dqn,central_route_closure,True,True,13.0,8,8,8,1.0,0.0,0.05
913,44,dqn,central_route_closure,True,True,13.0,8,8,8,1.0,0.0,0.05
914,44,dqn,central_route_closure,True,True,13.0,8,8,8,1.0,0.0,0.05
915,44,dqn,central_route_closure,True,True,13.0,8,8,8,1.0,0.0,0.05
916,44,dqn,central_route_closure,True,True,13.0,8,8,8,1.0,0.0,0.05
917,44,dqn,central_route_closure,True,True,13.0,8,8,8,1.0,0.0,0.05
918,44,dqn,central_route_closure,True,True,13.0,8,8,8,1.0,0.0,0.05
919,44,dqn,central_route_closure,True,True,13.0,8,8,8,1.0,0.0,0.05
920,44,dqn,central_route_closure,True,True,13.0,8,8,8,1.0,0.0,0.05
921,44,dqn,central_route_closure,True,True,13.0,8,8,8,1.0,0.0,0.05
922,44,dqn,central_route_closure,True,True,13.0,8,8,8,1.0,0.0,0.05
923,44,dqn,central_route_closure,True,True,13.0,8,8,8,1.0,0.0,0.05
924,44,dqn,central_route_closure,True,True,13.0,8,8,8,1.0,0.0,0.05
925,44,dqn,central_route_closure,True,True,13.0,8,8,8,1.0,0.0,0.05
926,44,dqn,central_route_closure,True,True,13.0,8,8,8,1.0,0.0,0.05
927,44,dqn,central_route_closure,True,True,13.0,8,8,8,1.0,0.0,0.05
928,44,dqn,central_route_closure,True,True,13.0,8,8,8,1.0,0.0,0.05
929,44,dqn,central_route_closure,True,True,13.0,8,8,8,1.0,0.0,0.05
930,44,dqn,central_route_closure,True,True,13.0,8,8,8,1.0,0.0,0.05
931,44,dqn,central_route_closure,True,True,13.0,8,8,8,1.0,0.0,0.05
932,44,dqn,central_route_closure,True,True,13.0,8,8,8,1.0,0.0,0.05
933,44,dqn,central_route_closure,True,True,13.0,8,8,8,1.0,0.0,0.05
934,44,dqn,central_route_closure,True,True,13.0,8,8,8,1.0,0.0,0.05
935,44,dqn,central_route_closure,True,True,13.0,8,8,8,1.0,0.0,0.05
936,44,dqn,central_route_closure,True,True,13.0,8,8,8,1.0,0.0,0.05
937,44,dqn,central_route_closure,True,True,13.0,8,8,8,1.0,0.0,0.05
938,44,dqn,central_route_closure,True,True,13.0,8,8,8,1.0,0.0,0.05
939,44,dqn,central_route_closure,True,True,13.0,8,8,8,1.0,0.0,0.05
940,44,dqn,central_route_closure,True,True,13.0,8,8,8,1.0,0.0,0.05
941,44,dqn,central_route_closure,True,True,13.0,8,8,8,1.0,0.0,0.05
942,44,dqn,central_route_closure,True,True,13.0,8,8,8,1.0,0.0,0.05
943,44,dqn,central_route_closure,True,True,13.0,8,8,8,1.0,0.0,0.05
944,44,dqn,central_route_closure,True,True,13.0,8,8,8,1.0,0.0,0.05
945,44,dqn,central_route_closure,True,True,13.0,8,8,8,1.0,0.0,0.05
946,44,dqn,central_route_closure,True,True,13.0,8,8,8,1.0,0.0,0.05
947,44,dqn,central_route_closure,True,True,13.0,8,8,8,1.0,0.0,0.05
948,44,dqn,central_route_closure,True,True,13.0,8,8,8,1.0,0.0,0.05
949,44,dqn,central_route_closure,True,True,13.0,8,8,8,1.0,0.0,0.05
950,44,dqn,central_route_closure,True,True,13.0,8,8,8,1.0,0.0,0.05
951,44,dqn,central_route_closure,True,True,13.0,8,8,8,1.0,0.0,0.05
952,44,dqn,central_route_closure,True,True,13.0,8,8,8,1.0,0.0,0.05
953,44,dqn,central_route_closure,True,True,13.0,8,8,8,1.0,0.0,0.05
954,44,dqn,central_route_closure,True,True,13.0,8,8,8,1.0,0.0,0.05
955,44,dqn,central_route_closure,True,True,13.0,8,8,8,1.0,0.0,0.05
956,44,dqn,central_route_closure,True,True,13.0,8,8,8,1.0,0.0,0.05
957,44,dqn,central_route_closure,True,True,13.0,8,8,8,1.0,0.0,0.05
958,44,dqn,central_route_closure,True,True,13.0,8,8,8,1.0,0.0,0.05
959,44,dqn,central_route_closure,True,True,13.0,8,8,8,1.0,0.0,0.05
960,44,dqn,central_route_closure,True,True,13.0,8,8,8,1.0,0.0,0.05
961,44,dqn,central_route_closure,True,True,13.0,8,8,8,1.0,0.0,0.05
962,44,dqn,central_route_closure,True,True,13.0,8,8,8,1.0,0.0,0.05
963,44,dqn,central_route_closure,True,True,13.0,8,8,8,1.0,0.0,0.05
964,44,dqn,central_route_closure,True,True,13.0,8,8,8,1.0,0.0,0.05
965,44,dqn,central_route_closure,True,True,13.0,8,8,8,1.0,0.0,0.05
966,44,dqn,central_route_closure,True,True,13.0,8,8,8,1.0,0.0,0.05
967,44,dqn,central_route_closure,True,True,13.0,8,8,8,1.0,0.0,0.05
968,44,dqn,central_route_closure,True,True,13.0,8,8,8,1.0,0.0,0.05
969,44,dqn,central_route_closure,True,True,13.0,8,8,8,1.0,0.0,0.05
970,44,dqn,central_route_closure,True,True,13.0,8,8,8,1.0,0.0,0.05
971,44,dqn,central_route_closure,True,True,13.0,8,8,8,1.0,0.0,0.05
972,44,dqn,central_route_closure,True,True,13.0,8,8,8,1.0,0.0,0.05
973,44,dqn,central_route_closure,True,True,13.0,8,8,8,1.0,0.0,0.05
974,44,dqn,central_route_closure,True,True,13.0,8,8,8,1.0,0.0,0.05
975,44,dqn,central_route_closure,True,True,13.0,8,8,8,1.0,0.0,0.05
976,44,dqn,central_route_closure,True,True,13.0,8,8,8,1.0,0.0,0.05
977,44,dqn,central_route_closure,True,True,13.0,8,8,8,1.0,0.0,0.05
978,44,dqn,central_route_closure,True,True,13.0,8,8,8,1.0,0.0,0.05
979,44,dqn,central_route_closure,True,True,13.0,8,8,8,1.0,0.0,0.05
980,44,dqn,central_route_closure,True,True,13.0,8,8,8,1.0,0.0,0.05
981,44,dqn,central_route_closure,True,True,13.0,8,8,8,1.0,0.0,0.05
982,44,dqn,central_route_closure,True,True,13.0,8,8,8,1.0,0.0,0.05
983,44,dqn,central_route_closure,True,True,13.0,8,8,8,1.0,0.0,0.05
984,44,dqn,central_route_closure,True,True,13.0,8,8,8,1.0,0.0,0.05
985,44,dqn,central_route_closure,True,True,13.0,8,8,8,1.0,0.0,0.05
986,44,dqn,central_route_closure,True,True,13.0,8,8,8,1.0,0.0,0.05
987,44,dqn,central_route_closure,True,True,13.0,8,8,8,1.0,0.0,0.05
988,44,dqn,central_route_closure,True,True,13.0,8,8,8,1.0,0.0,0.05
989,44,dqn,central_route_closure,True,True,13.0,8,8,8,1.0,0.0,0.05
990,44,dqn,central_route_closure,True,True,13.0,8,8,8,1.0,0.0,0.05
991,44,dqn,central_route_closure,True,True,13.0,8,8,8,1.0,0.0,0.05
992,44,dqn,central_route_closure,True,True,13.0,8,8,8,1.0,0.0,0.05
993,44,dqn,central_route_closure,True,True,13.0,8,8,8,1.0,0.0,0.05
994,44,dqn,central_route_closure,True,True,13.0,8,8,8,1.0,0.0,0.05
995,44,dqn,central_route_closure,True,True,13.0,8,8,8,1.0,0.0,0.05
996,44,dqn,central_route_closure,True,True,13.0,8,8,8,1.0,0.0,0.05
997,44,dqn,central_route_closure,True,True,13.0,8,8,8,1.0,0.0,0.05
998,44,dqn,central_route_closure,True,True,13.0,8,8,8,1.0,0.0,0.05
999,44,dqn,central_route_closure,True,True,13.0,8,8,8,1.0,0.0,0.05
1000,44,dqn,central_route_closure,True,True,13.0,8,8,8,1.0,0.0,0.05
